Player,H_ymax,HR_ymax,R_ymax,RBI_ymax,BA_ymax,WAR_best_7,WAR_7,oWAR_7,oWAR_best_7,RAR_best_7,RAR_max,AS,MVP,RAR,WAR,oWAR,Rfield
abreujo02,1,1,0,3,1,24.6,24.6,25.5,25.5,238,54,3,5,244,25.3,26.1,-11
ackledu01,0,0,0,0,0,7.8,7.8,6.700000000000001,6.700000000000001,76,36,0,0,76,7.8,6.700000000000001,9
acunaro01,0,1,3,0,0,12.500000000000002,12.500000000000002,11.8,11.8,130,53,1,3,130,12.500000000000002,11.8,10
adamewi01,0,0,0,0,0,7.7,7.7,6.9,6.9,75,39,0,0,75,7.7,6.9,6
adamsma01,0,0,0,0,0,5.6,5.6,5.0,5.0,67,24,0,0,61,4.9,4.1,11
adriaeh01,0,0,0,0,0,1.9000000000000001,1.7,2.3000000000000003,2.6,19,9,0,0,15,1.3,2.3,-12
aguilje01,0,0,0,1,0,5.2,5.2,4.9,4.9,56,36,1,1,52,4.7,4.4,5
ahmedni01,0,0,0,0,0,11.899999999999999,11.899999999999999,3.9000000000000004,4.900000000000001,126,44,0,0,125,11.799999999999999,3.6999999999999997,80
alberha01,0,0,0,0,0,3.5999999999999996,3.5999999999999996,1.9999999999999998,1.9999999999999998,36,36,0,0,36,3.5999999999999996,1.9999999999999998,14
albieoz01,1,0,0,0,0,11.499999999999998,11.499999999999998,9.8,9.8,122,51,1,0,122,11.499999999999998,9.8,21
alfarjo01,0,0,0,0,0,2.4,2.4,3.9,3.9,31,18,0,0,31,2.4,3.9,-13
allengr01,0,0,0,0,0,0.6,0.6,0.49999999999999994,0.49999999999999994,3,3,0,0,3,0.6,0.49999999999999994,-1
almonab01,0,0,0,0,0,2.7,2.2,1.1,1.4000000000000001,28,8,0,0,21,2.0,0.9000000000000001,10
almoral01,0,0,0,0,0,3.0999999999999996,3.0999999999999996,1.9,1.9,37,24,0,0,37,3.0999999999999996,1.9,14
alonspe01,0,1,0,1,0,6.4,6.4,6.8999999999999995,6.8999999999999995,68,58,1,1,68,6.4,6.8999999999999995,-3
alonsyo01,0,0,0,0,0,9.3,8.9,7.0,7.699999999999999,94,21,1,0,81,8.1,6.9,7
altheaa01,0,0,0,0,0,1.4999999999999998,1.4999999999999998,0.8999999999999997,0.8999999999999997,20,19,0,0,20,1.4999999999999998,0.8999999999999997,7
altuvjo01,4,0,0,0,5,35.4,35.1,36.699999999999996,38.7,347,78,6,5,366,37.29999999999999,40.9,-39
alvarpe01,0,0,0,0,0,7.3999999999999995,6.2,11.1,12.099999999999998,77,33,1,0,58,4.999999999999999,11.299999999999999,-60
alvaryo01,0,0,0,0,0,5.0,5.0,4.800000000000001,4.800000000000001,49,38,0,0,49,5.0,4.800000000000001,1
amarial01,0,0,0,0,0,-0.7999999999999999,-0.8,0.30000000000000004,0.2999999999999997,3,19,0,0,3,-0.7999999999999999,0.2999999999999997,-10
anderbr06,0,0,0,0,0,7.7,7.7,7.499999999999999,7.499999999999999,83,36,0,0,83,7.7,7.499999999999999,7
anderti01,0,0,0,0,1,13.100000000000001,13.100000000000001,13.7,13.7,129,41,0,1,129,13.100000000000001,13.7,-10
andinro01,0,0,0,0,0,3.3,3.1000000000000005,1.3,1.3999999999999997,35,26,0,0,21,1.9000000000000004,0.7999999999999999,12
andruel01,0,0,0,0,0,25.3,22.5,22.4,22.599999999999998,247,54,2,0,279,28.899999999999995,29.099999999999994,-7
andujmi01,0,0,0,0,0,1.3,1.3,4.2,4.2,12,28,0,0,12,1.3,4.2,-30
aokino01,0,0,0,0,0,10.399999999999999,10.399999999999999,10.1,10.1,104,31,0,0,104,10.399999999999999,10.1,0
arciaor01,0,0,0,0,0,2.4999999999999996,2.4999999999999996,1.5999999999999996,1.5999999999999996,32,24,0,0,32,2.4999999999999996,1.5999999999999996,10
arciaos01,0,0,0,0,0,-1.6,-1.6,2.1,2.1,-16,5,0,0,-16,-1.6,2.1,-36
arenano01,1,0,1,4,1,38.7,38.7,26.799999999999997,27.5,392,77,5,5,421,41.599999999999994,28.199999999999996,132
arraelu01,0,0,0,0,0,3.9000000000000004,3.9000000000000004,4.3,4.3,38,16,0,0,38,3.9000000000000004,4.3,-6
ascheco01,0,0,0,0,0,-1.9,-1.9,0.6999999999999998,0.6999999999999998,-11,6,0,0,-11,-1.9,0.6999999999999998,-23
astudwi01,0,0,0,0,0,1.2000000000000002,1.2000000000000002,1.4,1.4,12,8,0,0,12,1.2000000000000002,1.4,-2
asuajca01,0,0,0,0,0,0.39999999999999997,0.39999999999999997,0.39999999999999997,0.39999999999999997,7,8,0,0,7,0.39999999999999997,0.39999999999999997,1
austity01,0,0,0,0,0,0.9,0.9,0.8999999999999999,0.8999999999999999,9,6,0,0,9,0.9,0.8999999999999999,0
avilaal01,0,0,0,0,0,15.2,13.8,13.9,14.6,151,51,1,1,165,16.4,16.4,3
avilemi01,0,0,0,0,0,9.599999999999998,9.200000000000001,7.8999999999999995,8.3,96,46,0,0,60,5.8999999999999995,6.099999999999998,-4
aybarer01,0,0,0,0,0,22.9,21.7,22.8,22.799999999999997,224,44,1,0,224,22.799999999999997,24.2,-14
baderha01,0,0,0,0,0,7.299999999999999,7.299999999999999,3.5999999999999996,3.5999999999999996,77,34,0,0,77,7.299999999999999,3.5999999999999996,37
baezja01,1,0,0,0,0,20.900000000000002,20.9,14.5,14.499999999999998,214,69,2,1,208,19.999999999999996,14.0,62
barneau01,0,0,0,0,0,3.8000000000000003,3.8,3.7,3.7,41,25,0,0,41,3.8000000000000003,3.7,2
barnebr02,0,0,0,0,0,0.6999999999999997,0.6999999999999997,-0.7999999999999999,-0.7999999999999999,12,13,0,0,12,0.6999999999999997,-0.7999999999999999,13
barneda01,0,0,0,0,0,10.0,9.2,2.9,4.3999999999999995,97,44,0,0,91,8.899999999999999,2.9000000000000004,53
barnhtu01,0,0,0,0,0,7.4,7.4,4.6,4.6000000000000005,83,37,0,0,84,7.4,4.3999999999999995,34
bauerja01,0,0,0,0,0,-0.7,-0.7,-0.2,-0.2,-10,4,0,0,-10,-0.7,-0.2,-8
bautijo02,0,2,1,1,0,38.2,38.2,36.4,36.4,370,83,6,3,361,36.5,40.300000000000004,-36
beckhgo01,0,0,0,0,0,7.2,7.2,8.2,8.2,74,21,0,0,59,5.6,7.8999999999999995,-22
beckhti01,0,0,0,0,0,3.8,3.8,7.1000000000000005,7.1000000000000005,37,25,0,0,37,3.8,7.1000000000000005,-34
bellico01,0,0,0,1,0,18.4,18.4,14.799999999999999,14.799999999999999,191,91,2,2,191,18.4,14.799999999999999,39
belljo02,0,0,0,1,0,2.5999999999999996,2.5999999999999996,6.1,6.1,37,30,1,0,37,2.5999999999999996,6.1,-29
beltbr01,0,0,0,0,0,22.5,21.4,16.8,18.2,225,42,1,1,258,25.400000000000002,20.900000000000002,44
beltrad01,1,1,0,0,3,48.800000000000004,43.6,36.7,40.199999999999996,477,98,4,6,933,93.7,71.60000000000001,216
beltrca01,0,0,3,0,0,44.4,40.5,37.6,40.3,463,87,9,6,725,70.3,66.8,38
beninan01,0,0,0,0,0,10.6,10.6,8.799999999999999,8.799999999999999,103,46,0,0,103,10.6,8.799999999999999,16
bertijo01,0,0,0,0,0,2.4,2.4,2.7,2.7,27,17,0,0,27,2.4,2.7,-1
bethach01,0,0,0,0,0,-0.5,-0.5,-0.7,-0.7,-2,0,0,0,-2,-0.5,-0.7,2
bettsmo01,2,0,4,0,2,45.9,45.9,32.8,32.800000000000004,451,106,4,6,462,47.0,33.9,125
bichebo01,0,0,0,0,0,4.6,4.6,4.1000000000000005,4.1000000000000005,46,24,0,0,46,4.6,4.1000000000000005,4
biggica01,0,0,0,0,0,4.8,4.8,5.3,5.3,48,30,0,0,48,4.8,5.3,-6
birdgr01,0,0,0,0,0,0.49999999999999994,0.49999999999999994,1.0,1.0,5,7,0,0,5,0.49999999999999994,1.0,-5
blackch02,2,0,3,0,3,18.299999999999997,18.299999999999997,25.1,25.1,200,58,4,2,203,18.299999999999997,25.0,-57
blancan01,0,0,0,0,0,3.1,1.8,3.0,3.6000000000000005,33,15,0,0,20,1.6,2.5000000000000004,-8
blancgr01,0,0,0,0,0,9.3,9.3,8.0,8.4,97,26,0,0,82,7.300000000000002,7.5,1
bogaexa01,3,0,1,1,1,24.700000000000003,24.7,29.7,29.700000000000003,245,65,2,3,255,25.7,31.9,-62
bonifem01,0,0,0,0,0,5.9,5.200000000000001,5.6,5.800000000000001,62,27,0,0,39,3.2000000000000006,3.9,-8
bonifjo01,0,0,0,0,0,-0.3,-0.3,0.9000000000000001,0.9000000000000001,-3,4,0,0,-3,-0.3,0.9000000000000001,-13
borboju01,0,0,0,0,0,1.8,1.8,1.5999999999999999,1.5999999999999999,19,15,0,0,19,1.8,1.5999999999999999,2
boteda01,0,0,0,0,0,3.3,3.3,2.5,2.5,36,24,0,0,36,3.3,2.5,9
bourjpe01,0,0,0,0,0,10.8,9.4,5.3,5.7,107,48,0,0,99,9.7,4.4,51
bourju01,0,0,0,0,0,4.000000000000001,4.000000000000001,5.4,5.4,46,26,0,0,46,4.000000000000001,5.4,-13
bournmi01,1,0,0,0,0,23.599999999999998,22.9,15.599999999999998,16.400000000000002,232,57,2,1,232,23.0,15.4,69
bradlja02,0,0,0,0,0,18.599999999999998,18.599999999999998,13.0,13.3,181,56,1,0,180,18.3,11.899999999999999,59
brantmi02,1,0,0,0,3,28.1,24.7,21.6,25.2,269,65,4,2,303,31.5,28.900000000000002,20
braunry02,1,1,1,0,2,38.699999999999996,34.8,35.8,38.0,385,74,6,7,482,47.2,50.400000000000006,-29
bregmal01,0,0,1,0,0,24.900000000000002,24.900000000000002,22.8,22.8,248,92,2,1,248,24.900000000000002,22.8,17
brignre01,0,0,0,0,0,1.1,-0.7000000000000002,-0.7,0.8,12,24,0,0,-7,-1.2000000000000004,-1.0999999999999999,-1
brinsle01,0,0,0,0,0,-3.1999999999999997,-3.1999999999999997,-3.3,-3.3,-25,2,0,0,-25,-3.1999999999999997,-3.3,2
broxtke01,0,0,0,0,0,3.8,3.8,1.4,1.4,38,21,0,0,38,3.8,1.4,21
bruceja01,0,0,0,0,0,19.6,15.799999999999999,12.6,15.599999999999998,198,50,3,2,217,20.2,16.499999999999996,33
bryankr01,0,0,1,0,0,27.400000000000002,27.4,27.8,27.799999999999997,282,74,3,1,282,27.400000000000002,27.799999999999997,-1
burnsbi02,0,0,0,0,0,2.2,2.2,2.1,2.1,21,30,0,0,21,2.2,2.1,0
burriem01,0,0,0,0,0,-2.9,-2.9,-1.1,-1.1,-24,4,0,0,-24,-2.9,-1.1,-17
buterdr01,0,0,0,0,0,-0.2,-1.6,0.10000000000000009,0.3,0,3,0,0,-32,-3.7,-2.5,-11
butlebi03,0,0,0,0,1,12.899999999999999,12.5,14.7,14.999999999999998,131,32,1,0,121,11.8,14.4,-25
buxtoby01,0,0,0,0,0,14.5,14.5,8.7,8.7,145,49,0,2,145,14.5,8.7,56
byrdma01,0,0,0,0,0,24.099999999999998,18.8,17.0,21.400000000000002,243,46,1,0,264,25.799999999999997,23.5,21
cabreas01,0,0,0,0,0,21.8,19.599999999999998,22.8,25.3,220,47,2,1,312,30.800000000000004,37.8,-63
cabreme01,1,0,0,0,1,21.3,16.7,20.4,21.9,208,47,1,0,205,20.7,26.099999999999998,-54
cabremi01,3,1,1,4,9,44.800000000000004,43.800000000000004,47.1,49.5,449,76,11,11,685,68.8,78.5,-97
cainlo01,0,0,0,0,1,32.5,32.5,20.8,21.3,318,69,2,0,359,36.7,22.999999999999996,130
calhoko01,0,0,0,0,0,15.600000000000001,15.1,14.3,15.600000000000001,148,37,0,0,149,15.7,15.600000000000003,-4
calhowi01,0,0,0,0,0,-0.9000000000000001,-0.9000000000000001,0.3,0.3,-9,5,0,0,-9,-0.9000000000000001,0.3,-13
camarjo01,0,0,0,0,0,3.6,3.6,3.4999999999999996,3.4999999999999996,39,33,0,0,39,3.6,3.4999999999999996,3
candeje01,0,0,0,0,0,3.7,3.7,5.0,5.0,34,20,0,0,34,3.7,5.0,-16
canhama01,0,0,0,0,0,8.7,8.7,10.5,10.5,85,43,0,0,85,8.7,10.5,-21
canoro01,5,0,0,1,4,49.199999999999996,46.0,42.800000000000004,43.0,481,83,8,6,684,69.3,68.60000000000001,6
caratvi01,0,0,0,0,0,1.7999999999999998,1.7999999999999998,1.5,1.5,20,11,0,0,20,1.7999999999999998,1.5,3
carpema01,1,0,1,0,1,27.0,27.0,28.3,28.3,277,64,3,2,286,27.900000000000002,29.299999999999997,-9
carreez01,0,0,0,0,0,0.5000000000000001,0.5000000000000001,2.3,2.3000000000000003,7,9,0,0,7,0.5000000000000001,2.3000000000000003,-15
cartech02,0,1,0,0,0,3.5,3.5,6.3,6.5,37,18,0,0,29,2.7,5.799999999999999,-31
casalcu01,0,0,0,0,0,4.300000000000001,4.3,3.8,3.8,46,12,0,0,45,4.1000000000000005,3.5000000000000004,8
casteni01,1,0,0,0,0,10.700000000000001,10.700000000000001,17.8,18.7,105,29,0,0,103,10.4,19.0,-85
castiwe01,0,0,0,0,0,12.5,12.5,11.0,11.0,126,38,0,0,123,12.3,11.0,10
castrha01,0,0,0,0,0,-0.5000000000000001,-0.5000000000000001,1.0,1.0,-7,3,0,0,-7,-0.5000000000000001,1.0,-17
castrja01,0,0,0,0,0,12.7,11.8,11.0,12.600000000000001,122,39,1,0,121,12.400000000000002,12.5,-5
castrst01,1,0,0,0,0,15.599999999999998,12.200000000000001,16.7,19.9,164,34,4,1,193,17.8,23.4,-48
caveja01,0,0,0,0,0,2.1999999999999997,2.1999999999999997,2.9,2.9,21,16,0,0,21,2.1999999999999997,2.9,-9
cervefr01,0,0,0,0,0,11.700000000000001,11.5,12.0,12.5,119,34,0,0,143,13.9,13.9,2
cespeyo01,0,0,0,0,0,21.900000000000002,21.900000000000002,20.4,20.4,212,59,2,3,211,21.8,20.299999999999997,10
chapmma01,0,0,0,0,0,20.6,20.6,13.500000000000002,13.500000000000002,203,79,1,2,203,20.6,13.500000000000002,68
chavimi01,0,0,0,0,0,0.30000000000000004,0.30000000000000004,0.4,0.4,4,9,0,0,4,0.30000000000000004,0.4,-1
chiriro01,0,0,0,0,0,13.399999999999999,13.0,10.8,11.2,130,39,0,0,120,12.399999999999999,10.5,16
chiselo01,0,0,0,0,0,8.9,8.8,8.3,8.5,84,17,0,0,86,9.100000000000001,8.8,0
choiji01,0,0,0,0,0,3.2,3.2,3.2,3.2,30,21,0,0,30,3.2,3.2,-1
choosh01,0,0,0,0,0,29.1,24.900000000000002,29.3,33.6,287,57,1,2,341,34.6,42.0,-73
clevest01,0,0,0,0,0,-0.7000000000000001,-0.7000000000000001,-0.19999999999999993,-0.19999999999999993,-6,4,0,0,-6,-0.7000000000000001,-0.19999999999999993,-7
coghlch01,0,0,0,0,0,3.9,2.2,7.300000000000001,8.2,47,23,0,1,23,1.1,6.499999999999999,-50
colabch01,0,0,0,0,1,-0.7000000000000001,-0.7000000000000001,1.6,1.6,-5,7,0,0,-5,-0.7000000000000001,1.6,-22
collity01,0,0,0,0,0,-0.6,-0.6,0.3000000000000001,0.3000000000000001,-5,1,0,0,-5,-0.6,0.3000000000000001,-7
confomi01,0,0,0,0,0,15.000000000000002,15.0,15.299999999999999,15.3,160,39,1,0,160,15.000000000000002,15.3,1
congeha01,0,0,0,0,0,2.1,2.1,3.2,3.2,19,9,0,0,19,2.1,3.2,-13
contrwi01,0,0,0,0,0,13.699999999999998,13.699999999999998,12.1,12.1,143,40,2,0,143,13.699999999999998,12.1,17
coopega03,0,0,0,0,0,1.2999999999999998,1.2999999999999998,1.2999999999999998,1.2999999999999998,15,17,0,0,15,1.2999999999999998,1.2999999999999998,0
correca01,0,0,0,0,1,27.700000000000003,27.7,22.6,22.6,274,69,1,2,274,27.700000000000003,22.6,49
cowgico01,0,0,0,0,0,2.8999999999999995,2.8999999999999995,0.8999999999999999,0.8999999999999999,29,16,0,0,29,2.8999999999999995,0.8999999999999999,18
cozarza01,0,0,0,0,0,15.799999999999999,15.8,10.8,10.900000000000002,163,54,1,0,150,14.699999999999998,9.8,43
crawfbr01,0,0,0,0,0,23.1,23.099999999999998,14.9,15.2,234,56,2,1,258,25.2,17.799999999999997,69
crawfca02,0,0,1,0,0,32.3,32.3,26.299999999999997,27.299999999999997,325,68,4,2,399,39.199999999999996,32.19999999999999,72
crawfjp01,0,0,0,0,0,5.1000000000000005,5.1000000000000005,3.5999999999999996,3.5999999999999996,50,16,0,0,50,5.1000000000000005,3.5999999999999996,14
crispco01,0,0,0,0,0,23.7,18.7,17.400000000000002,20.700000000000003,238,44,0,1,289,28.900000000000002,27.3,19
croncj01,0,0,0,0,0,8.1,8.1,7.4,7.3999999999999995,79,22,0,0,79,7.999999999999999,7.599999999999999,2
cruzne02,0,3,0,2,1,30.199999999999996,28.2,28.8,30.3,292,48,6,5,401,41.0,42.5,-18
cruzto03,0,0,0,0,0,-2.8,-2.8,-1.8,-1.8,-21,-1,0,0,-21,-2.8,-1.8,-10
culbech01,0,0,0,0,0,1.1999999999999997,-0.20000000000000018,1.4,2.3999999999999995,15,9,0,0,1,-0.7000000000000003,1.2000000000000002,-16
cuthbch01,0,0,0,0,0,-1.3,-1.3,0.19999999999999996,0.19999999999999996,-14,3,0,0,-14,-1.3,0.19999999999999996,-17
dahlda01,0,0,0,0,0,1.1,1.1,2.6999999999999997,2.6999999999999997,15,11,1,0,15,1.1,2.6999999999999997,-15
darnach01,0,0,0,0,0,-0.6,-0.6,-0.30000000000000004,-0.30000000000000004,-3,5,0,0,-3,-0.6,-0.30000000000000004,-3
darnatr01,0,0,0,0,0,4.700000000000001,4.5,8.8,8.8,50,15,0,0,44,3.9000000000000004,8.5,-43
davidma02,0,0,0,0,0,-0.3000000000000001,-0.3000000000000001,0.3000000000000001,0.3000000000000001,-2,6,0,0,-2,-0.3000000000000001,0.3000000000000001,-7
davisch02,0,2,0,2,0,18.900000000000002,17.3,19.2,20.599999999999998,181,67,1,2,110,11.799999999999997,15.699999999999996,-43
davisik02,0,0,0,0,0,5.6,5.6,4.6000000000000005,4.6000000000000005,64,34,0,0,64,5.6,4.6000000000000005,10
davisjd01,0,0,0,0,0,1.2000000000000002,1.2000000000000002,4.3,4.3,15,14,0,0,15,1.2000000000000002,4.3,-30
daviskh01,0,1,0,1,0,11.799999999999999,11.6,14.4,14.799999999999999,119,28,0,1,113,11.4,14.199999999999998,-28
davisra01,0,0,0,0,0,11.6,9.700000000000001,10.3,11.8,112,33,0,0,120,12.0,12.500000000000002,-6
deazaal01,0,0,0,0,0,7.8,7.8,9.7,9.7,76,24,0,0,73,7.3,8.6,-13
dejesiv02,0,0,0,0,0,-1.5,-1.5,0.0,0.0,-12,0,0,0,-12,-1.5,0.0,-14
dejonpa01,0,0,0,0,0,11.9,11.9,9.2,9.2,126,57,1,0,126,11.9,9.2,30
delmoni01,0,0,0,0,0,-0.40000000000000013,-0.40000000000000013,0.49999999999999983,0.49999999999999983,-4,14,0,0,-4,-0.40000000000000013,0.49999999999999983,-9
descada01,0,0,0,0,0,2.1999999999999993,0.8999999999999999,4.199999999999999,6.199999999999999,32,8,0,0,18,0.40000000000000024,5.1000000000000005,-41
deshide02,0,0,0,0,0,5.0,5.0,4.2,4.2,47,16,0,0,47,5.0,4.2,6
desmoia01,0,0,0,0,0,18.6,18.599999999999998,20.6,20.599999999999998,188,43,2,1,172,16.2,21.0,-44
deverra01,1,0,1,2,1,8.8,8.8,11.199999999999998,11.199999999999998,86,54,0,1,86,8.8,11.199999999999998,-26
diazal02,0,0,0,0,0,6.300000000000001,6.300000000000001,8.200000000000001,8.200000000000001,64,30,1,0,64,6.300000000000001,8.200000000000001,-20
diazel01,0,0,0,0,0,0.09999999999999992,0.09999999999999992,0.7000000000000001,0.7000000000000001,5,18,0,0,5,0.09999999999999992,0.7000000000000001,-4
diazya01,0,0,0,0,0,3.5,3.5,4.1,4.1,34,15,0,0,34,3.5,4.1,-7
dickeal01,0,0,0,0,0,1.8000000000000003,1.8000000000000003,3.3,3.3,20,11,0,0,20,1.8000000000000003,3.3,-14
dickeco01,0,0,0,0,1,13.100000000000001,13.1,13.4,13.4,135,37,1,0,143,13.799999999999999,14.4,0
dietrde01,0,0,0,0,0,5.599999999999999,5.2,10.5,10.5,64,26,0,0,65,5.3,10.7,-48
difowi01,0,0,0,0,0,0.30000000000000016,0.3,0.29999999999999993,0.2999999999999999,9,17,0,0,9,0.30000000000000016,0.2999999999999999,1
dixonbr01,0,0,0,0,0,-1.2000000000000002,-1.2000000000000002,-0.6,-0.6,-11,-1,0,0,-11,-1.2000000000000002,-0.6,-6
dominma01,0,0,0,0,0,1.2999999999999998,1.2999999999999998,0.10000000000000014,0.10000000000000014,13,22,0,0,13,1.2999999999999998,0.10000000000000014,7
donaljo02,0,0,2,1,0,39.8,39.199999999999996,36.6,36.6,388,71,3,4,408,41.79999999999999,38.900000000000006,27
doziebr01,0,0,1,0,0,23.5,23.5,25.0,25.0,230,57,1,3,234,23.8,25.400000000000002,-16
doziehu01,0,0,0,0,0,0.19999999999999973,0.19999999999999973,3.3000000000000003,3.3000000000000003,1,27,0,0,1,0.19999999999999973,3.3000000000000003,-34
drewst01,0,0,0,0,0,17.2,14.3,14.6,16.5,174,41,0,1,168,16.0,16.8,-9
drurybr01,0,0,0,0,0,-0.9,-0.9,1.5000000000000004,1.5000000000000004,-4,16,0,0,-4,-0.9,1.5000000000000004,-23
dudalu01,0,0,0,0,0,9.7,8.0,11.0,11.200000000000001,103,38,0,1,82,7.4,10.5,-29
duffyma01,0,0,0,0,0,8.299999999999999,8.299999999999999,7.7,7.7,82,39,0,0,82,8.299999999999999,7.7,2
duggast01,0,0,0,0,0,0.7,0.7,8.326672684688674e-17,8.326672684688674e-17,9,10,0,0,9,0.7,8.326672684688674e-17,9
duvalad01,0,0,0,0,0,8.499999999999998,8.5,2.8000000000000003,3.5,90,34,1,0,87,8.1,2.5999999999999996,53
dysonja01,0,0,0,0,0,14.5,13.6,6.6,7.1,141,28,0,0,155,15.700000000000003,6.2,90
eatonad02,0,0,0,0,0,20.3,19.0,18.599999999999998,19.0,199,64,0,1,194,19.6,19.5,3
edmanto01,1,0,0,0,0,6.7,6.7,4.6,4.6,69,42,0,0,69,6.7,4.6,22
ellisaj01,0,0,0,0,0,9.400000000000002,9.0,8.4,9.5,96,33,0,0,98,9.3,9.200000000000001,2
ellsbja01,1,0,0,0,1,28.000000000000004,24.900000000000002,22.0,24.6,272,83,1,2,305,31.200000000000003,27.900000000000002,30
elmorja01,0,0,0,0,0,-3.1999999999999997,-3.1999999999999997,-1.7000000000000002,-1.7000000000000002,-28,-2,0,0,-28,-3.1999999999999997,-1.7000000000000002,-15
encared01,0,1,0,1,0,27.300000000000004,26.599999999999998,27.7,28.700000000000003,263,50,3,5,350,35.300000000000004,42.4,-69
engelad01,0,0,0,0,0,1.9,1.9,0.6000000000000001,0.6000000000000001,18,11,0,0,18,1.9,0.6000000000000001,11
ervinph01,0,0,0,0,0,0.30000000000000016,0.30000000000000016,0.5,0.5,7,10,0,0,7,0.30000000000000016,0.5,0
escobal02,0,0,0,0,0,11.4,11.399999999999999,10.299999999999999,11.199999999999998,115,35,1,0,91,8.8,11.2,-25
escobed01,0,0,0,1,0,10.700000000000003,9.3,13.4,14.0,111,36,0,0,100,9.5,13.3,-34
escobyu01,0,0,0,0,1,23.5,23.5,18.5,21.7,236,48,0,1,270,26.8,27.900000000000002,-11
espinda01,0,0,0,0,0,9.5,9.5,5.300000000000001,5.300000000000001,101,29,0,0,92,8.5,3.9,41
ethiean01,0,0,0,0,0,18.800000000000004,16.7,19.900000000000002,21.6,193,34,2,1,226,21.499999999999996,24.599999999999998,-28
fieldpr01,1,2,0,2,2,24.8,24.299999999999997,31.6,31.6,254,64,6,5,248,23.699999999999996,34.1,-100
flahery01,0,0,0,0,0,2.1,1.4000000000000001,0.8,1.2000000000000002,21,10,0,0,13,1.1000000000000003,0.6000000000000001,6
fletcda02,0,0,0,0,0,7.4,7.4,4.7,4.7,73,35,0,1,73,7.4,4.7,25
florewi01,0,0,0,0,0,5.3,5.3,8.7,8.700000000000001,62,13,0,0,52,4.2,8.3,-37
floripe01,0,0,0,0,0,2.0999999999999996,2.1,0.30000000000000004,0.8999999999999999,24,11,0,0,22,1.8,0.4,14
flowety01,0,0,0,0,0,8.0,7.2,9.1,9.7,81,21,0,0,82,7.9,9.8,-18
forsylo01,0,0,0,0,0,12.9,12.9,11.7,11.699999999999998,127,44,0,0,120,12.1,11.399999999999997,5
fowlede01,0,0,0,0,0,16.900000000000002,16.9,24.1,24.099999999999998,174,41,1,0,207,19.500000000000004,28.799999999999994,-87
francje02,0,0,0,0,0,13.100000000000001,11.1,4.2,6.0,140,35,0,0,90,6.900000000000002,1.8000000000000003,53
francma02,0,0,0,0,0,3.6,3.6,7.2,7.199999999999998,47,18,0,0,44,3.1999999999999997,6.699999999999999,-29
francty01,0,0,0,0,0,1.2,1.2,1.8,1.8,12,10,0,0,12,1.2,1.8,-5
frankni01,0,0,0,0,0,1.2999999999999998,1.2999999999999998,1.6,1.6,13,21,0,0,13,1.2999999999999998,1.6,-4
fraziad01,1,0,0,0,0,8.1,8.1,7.1,7.1,87,28,0,0,87,8.1,7.1,11
frazicl01,0,0,0,0,0,1.0,1.0,2.1999999999999997,2.1999999999999997,10,18,0,0,10,1.0,2.1999999999999997,-12
frazito01,0,0,0,0,0,22.2,22.200000000000003,20.2,20.700000000000003,222,46,2,0,253,25.100000000000005,22.700000000000006,24
freemfr01,2,0,1,1,1,31.6,31.4,30.900000000000002,31.0,323,64,4,4,395,38.50000000000001,37.699999999999996,11
freesda01,0,0,0,0,0,15.999999999999998,14.6,14.4,15.100000000000001,162,37,1,0,193,18.7,19.0,-3
gallojo01,0,0,0,0,0,9.9,9.9,8.4,8.399999999999999,97,31,1,0,97,9.9,8.399999999999999,13
galvifr01,0,0,0,0,0,10.099999999999998,9.5,8.6,8.8,109,31,0,0,106,9.299999999999999,8.399999999999999,11
gamelbe01,0,0,0,0,0,1.2000000000000002,1.2000000000000002,2.7999999999999994,2.7999999999999994,12,10,0,0,12,1.2000000000000002,2.7999999999999994,-16
garciad01,0,0,0,0,0,-0.30000000000000004,-0.30000000000000004,2.0,2.0,2,4,0,0,2,-0.30000000000000004,2.0,-21
garciav01,0,0,0,0,1,9.000000000000002,8.6,9.600000000000001,9.6,89,44,1,0,83,8.3,10.0,-18
garcigr01,0,0,0,0,0,2.9999999999999996,3.0,4.2,4.2,36,16,0,0,36,2.9999999999999996,4.2,-10
garcile02,0,0,0,0,0,3.5999999999999996,3.5,3.8,3.8,36,11,0,0,30,2.9000000000000004,2.5,0
gardnbr01,0,0,0,0,0,32.3,27.299999999999997,20.4,22.1,310,70,1,0,413,42.900000000000006,27.8,140
garvemi01,0,0,0,0,0,5.800000000000001,5.800000000000001,6.1,6.1,56,43,0,0,56,5.800000000000001,6.1,-6
gattiev01,0,0,0,0,0,8.399999999999999,8.399999999999999,9.7,9.7,83,29,0,0,83,8.399999999999999,9.7,-12
gennesc01,1,0,0,0,0,7.0,7.0,12.8,12.799999999999999,81,33,1,0,81,7.0,12.799999999999999,-50
gentrcr01,0,0,0,0,0,10.899999999999999,9.0,4.2,5.2,103,33,0,0,93,9.799999999999999,4.0,53
giavojo01,0,0,0,0,0,0.6999999999999998,0.7,3.0,3.0,7,11,0,0,7,0.6999999999999998,3.0,-22
gillaco01,0,0,0,0,0,2.2,2.2,4.0,4.0,22,16,0,0,22,2.2,4.0,-17
gilleco01,0,0,0,0,0,-0.7,-0.7,-0.29999999999999993,-0.29999999999999993,-3,6,0,0,-3,-0.7,-0.29999999999999993,-5
gimench01,0,0,0,0,0,1.9000000000000001,1.2999999999999998,2.4,2.6,20,7,0,0,8,0.5999999999999999,1.6,-8
goinsry01,0,0,0,0,0,4.300000000000001,3.7,0.2999999999999999,0.8999999999999999,41,19,0,0,35,3.6,0.09999999999999987,31
goldspa01,1,0,0,2,1,39.5,39.5,34.8,34.800000000000004,393,81,6,7,451,44.9,40.599999999999994,45
gomesya01,0,0,0,0,0,15.500000000000002,13.9,10.2,12.0,148,39,1,0,145,15.100000000000001,11.100000000000001,35
gomezca01,0,0,0,0,0,22.5,20.4,16.0,16.3,218,71,2,2,239,24.4,16.200000000000003,73
gonzaad01,1,0,0,2,1,34.699999999999996,34.7,27.9,28.6,347,70,5,7,448,43.6,36.00000000000001,73
gonzaca01,1,0,1,1,1,23.600000000000005,21.3,20.499999999999996,22.200000000000003,236,60,3,1,251,24.400000000000006,22.6,18
gonzaer01,0,0,0,0,0,1.4,1.4,-0.20000000000000007,-0.20000000000000007,15,7,0,0,15,1.4,-0.20000000000000007,15
gonzama01,0,0,0,0,0,14.1,14.1,11.4,11.400000000000002,136,39,0,1,143,14.6,11.200000000000001,31
goodrni01,0,0,0,0,0,3.3,3.3,4.1,4.1,30,14,0,0,30,3.3,4.1,-11
goodwbr01,0,0,0,0,0,1.8000000000000003,1.8000000000000003,3.4000000000000004,3.4000000000000004,19,20,0,0,19,1.8000000000000003,3.4000000000000004,-16
gordoal01,0,0,0,0,0,31.2,26.9,19.0,21.8,300,71,3,2,332,34.5,23.6,97
gordode01,2,0,0,0,1,14.799999999999999,14.1,13.4,14.0,151,42,2,2,136,12.999999999999998,14.3,-14
gosean01,0,0,0,0,0,1.9999999999999998,1.9999999999999998,2.9,2.9,19,7,0,0,19,1.9999999999999998,2.9,-9
gosseph01,0,0,0,0,0,2.1,1.1,1.2000000000000002,1.9000000000000001,22,9,0,0,12,1.0,1.2000000000000002,-3
gourryu01,1,0,0,0,0,11.6,11.6,10.2,10.2,113,39,0,0,113,11.6,10.2,11
grandcu01,0,2,1,1,0,34.79999999999999,33.0,31.0,31.800000000000004,348,78,3,3,481,47.4,43.599999999999994,38
grandya01,0,0,0,0,0,16.400000000000002,14.8,16.6,17.9,173,37,2,2,192,18.4,19.7,-10
gregodi01,0,0,0,0,0,18.599999999999998,17.7,17.6,18.0,184,47,0,2,181,18.3,19.0,-11
grichra01,0,0,0,0,0,10.9,10.9,10.0,10.0,109,31,0,0,111,11.0,9.799999999999999,10
grishtr01,0,0,0,0,0,4.6,4.6,3.2,3.2,48,26,0,0,48,4.6,3.2,14
grossro01,0,0,0,0,0,7.8999999999999995,6.2,8.0,9.1,76,15,0,0,76,7.8,9.500000000000002,-20
guerrvl02,0,0,0,0,0,4.300000000000001,4.300000000000001,5.1,5.1,42,20,0,0,42,4.300000000000001,5.1,-9
gurrilo01,0,0,0,0,0,3.0,3.0,4.199999999999999,4.199999999999999,28,17,0,0,28,3.0,4.199999999999999,-15
gutiefr01,0,0,0,0,0,17.400000000000002,15.4,10.4,11.799999999999999,173,66,0,0,182,18.2,11.799999999999999,65
guyerbr01,0,0,0,0,0,5.6,5.6,4.9,4.8999999999999995,54,21,0,0,54,5.6,4.8999999999999995,7
guzmaro01,0,0,0,0,0,1.0000000000000002,1.0000000000000002,0.09999999999999998,0.09999999999999998,8,7,0,0,8,1.0000000000000002,0.09999999999999998,7
gyorkje01,0,0,0,0,0,9.7,8.5,9.9,11.199999999999998,107,29,0,0,104,9.200000000000001,10.6,-10
hamilbi02,0,0,0,0,0,9.799999999999999,9.8,2.4000000000000004,2.8000000000000003,105,32,0,0,105,9.8,2.1,73
hampsga01,0,0,0,0,0,1.1,1.1,0.9,0.9,13,6,0,0,13,1.1,0.9,3
hanigmi01,0,1,0,0,0,11.8,11.8,10.0,10.0,114,62,1,1,114,11.8,10.0,15
hanigry01,0,0,0,0,0,9.799999999999999,9.6,6.8,7.4,95,23,0,0,91,9.299999999999999,6.3999999999999995,23
hansoal01,0,0,0,0,0,-0.9,-0.9,0.09999999999999998,0.09999999999999998,-7,6,0,0,-7,-0.9,0.09999999999999998,-9
happia01,0,0,0,0,0,5.199999999999999,5.199999999999999,5.8,5.8,57,17,0,1,57,5.199999999999999,5.8,-4
hardyjj01,0,0,0,0,0,24.2,20.799999999999997,15.6,17.3,239,50,2,0,283,28.200000000000003,19.299999999999997,84
harpebr03,0,0,1,1,2,31.7,27.7,27.5,30.000000000000004,321,95,6,3,361,35.2,34.5,12
harrijo05,0,0,0,0,1,15.099999999999998,14.1,10.3,10.999999999999998,156,54,2,0,151,14.5,10.799999999999999,38
headlch01,0,0,0,0,0,24.3,23.1,20.200000000000003,20.999999999999996,238,62,0,1,259,26.100000000000005,25.3,4
healyry01,0,0,0,0,0,2.4999999999999996,2.4999999999999996,4.1000000000000005,4.1000000000000005,24,23,0,0,24,2.4999999999999996,4.1000000000000005,-17
hechaad01,0,0,0,0,0,6.8,6.5,5.1000000000000005,5.4,72,26,0,0,61,5.199999999999999,3.6999999999999997,12
hedgeau01,0,0,0,0,0,0.4999999999999999,0.5000000000000001,-0.8,-0.8,12,13,0,0,12,0.4999999999999999,-0.8,15
heisech01,0,0,0,0,0,4.6000000000000005,4.6,2.3,2.3,51,17,0,0,46,4.000000000000002,1.5999999999999999,22
heredgu01,0,0,0,0,0,3.1999999999999997,3.1999999999999997,2.3000000000000003,2.3000000000000003,31,13,0,0,31,3.1999999999999997,2.3000000000000003,8
hernace02,0,0,0,0,0,13.200000000000001,13.2,14.200000000000001,14.199999999999998,144,32,0,0,136,12.1,14.299999999999997,-16
hernaen02,0,0,0,0,0,11.699999999999998,10.9,6.800000000000001,7.6,120,36,0,0,120,11.599999999999998,7.3,45
hernago01,0,0,0,0,0,-1.3,-1.3,-0.5,-0.5,-8,5,0,0,-8,-1.3,-0.5,-6
hernate01,0,0,0,0,0,4.8,4.8,6.5,6.5,46,15,0,1,46,4.8,6.5,-19
herreod01,0,0,0,0,0,11.599999999999998,11.599999999999998,9.9,9.9,122,48,1,0,122,11.599999999999998,9.9,18
herrmch01,0,0,0,0,0,-2.220446049250313e-16,-0.5,0.6,0.6999999999999997,2,13,0,0,-5,-0.8,0.30000000000000004,-10
heywaja01,0,0,0,0,0,32.6,30.8,17.6,21.0,321,66,1,3,393,39.30000000000001,22.799999999999997,155
hicksaa01,0,0,0,0,0,12.7,11.8,11.4,12.500000000000002,125,42,0,1,123,12.499999999999998,12.100000000000001,2
hicksjo02,0,0,0,0,0,-0.5,-0.5,0.0,0.0,-4,5,0,0,-4,-0.5,0.0,-5
hillaa01,0,0,0,0,0,23.8,22.299999999999997,17.7,19.900000000000002,241,59,1,2,255,24.5,21.900000000000002,27
hiurake01,0,0,0,0,0,0.8,0.8,2.6,2.6,11,21,0,0,11,0.8,2.6,-15
holadbr01,0,0,0,0,0,0.8999999999999999,0.4,0.4,1.0,10,4,0,0,3,0.10000000000000003,0.10000000000000003,1
hollima01,1,0,0,0,3,34.300000000000004,34.3,34.7,34.900000000000006,352,63,7,8,462,44.6,49.4,-43
holtbr01,0,0,0,0,0,9.1,8.7,7.2,8.2,86,25,1,0,77,8.2,7.300000000000001,6
hoskirh01,0,0,0,0,0,6.7,6.7,9.4,9.4,76,25,0,0,76,6.7,9.4,-22
hosmeer01,2,0,0,0,1,17.099999999999998,15.299999999999999,16.5,17.7,171,43,1,2,186,17.799999999999994,19.699999999999996,-14
howarry01,0,3,0,4,1,19.2,19.2,23.3,23.300000000000004,207,56,3,3,177,14.700000000000001,22.900000000000002,-74
hundlni01,0,0,0,0,0,8.3,6.6000000000000005,7.3,9.9,87,28,0,0,83,7.699999999999999,9.899999999999999,-23
iannech01,0,0,0,0,0,15.100000000000001,13.1,14.3,16.1,150,33,0,0,154,14.999999999999998,19.0,-38
iglesjo01,0,0,0,0,0,11.000000000000002,11.0,10.200000000000001,10.2,110,24,1,0,110,11.0,9.9,9
inciaen01,1,0,0,0,0,18.6,17.9,9.7,10.199999999999998,190,48,1,0,184,18.0,9.7,80
infanom01,0,0,0,0,1,16.200000000000003,14.100000000000001,11.9,13.8,163,32,1,0,172,16.900000000000002,14.8,18
jacksau01,0,0,0,0,0,23.7,21.7,17.5,19.2,232,55,0,0,220,22.2,19.400000000000002,25
janispa01,0,0,0,0,0,1.2999999999999998,1.0,-1.7,-0.4000000000000001,17,12,0,0,8,0.10000000000000009,-2.4,23
jankotr01,0,0,0,0,0,2.3000000000000003,2.3000000000000003,0.39999999999999997,0.39999999999999997,26,15,0,0,26,2.3000000000000003,0.39999999999999997,18
janseda01,0,0,0,0,0,2.3000000000000003,2.3000000000000003,1.4,1.4,21,10,0,0,21,2.3000000000000003,1.4,7
jasojo01,0,0,0,0,0,11.299999999999999,11.299999999999999,13.2,13.2,111,33,0,0,109,11.0,13.399999999999999,-25
jayjo02,0,0,0,0,0,13.6,12.5,12.4,14.299999999999999,140,32,0,0,134,12.600000000000001,13.399999999999999,-9
jennide01,0,0,0,0,0,13.500000000000002,13.5,11.3,11.3,130,34,0,0,130,13.500000000000002,11.3,20
jimenel02,0,0,0,0,0,2.7,2.7,4.0,4.0,27,14,0,0,27,2.7,4.0,-14
johnsch05,0,0,0,0,1,1.4999999999999998,1.4,6.9,6.9,24,25,0,0,18,0.7,5.9,-49
johnske05,0,0,0,0,0,16.0,15.3,15.799999999999999,16.099999999999998,171,44,0,0,181,16.599999999999998,18.099999999999998,-13
jonesad01,1,0,0,0,0,25.700000000000003,25.6,27.4,28.3,250,45,5,3,318,32.6,37.199999999999996,-46
jonesja07,0,0,0,0,0,1.4,1.4,0.7,0.7,12,17,0,0,12,1.4,0.7,4
josepca01,0,0,0,0,0,4.6000000000000005,4.6,1.3,1.2999999999999998,43,20,0,0,43,4.6000000000000005,1.2999999999999998,29
josepto01,0,0,0,0,0,-0.6000000000000001,-0.6000000000000001,0.6,0.6,-3,6,0,0,-3,-0.6000000000000001,0.6,-12
joycema01,0,0,0,0,0,14.6,12.1,11.6,13.9,145,34,1,0,148,14.900000000000002,15.699999999999998,-10
judgeaa01,0,0,1,0,0,20.800000000000004,20.800000000000004,15.9,15.9,209,81,2,2,209,20.800000000000004,15.9,47
kangju01,0,0,0,0,0,5.8999999999999995,5.8999999999999995,6.0,6.0,61,39,0,0,61,5.8999999999999995,6.0,-1
kawasmu01,0,0,0,0,0,1.6,1.6,1.9000000000000001,1.9000000000000001,16,9,0,0,16,1.6,1.9000000000000001,-3
kellyca02,0,0,0,0,0,2.4,2.4,2.7,2.7,26,20,0,0,26,2.4,2.7,-2
kellydo01,0,0,0,0,0,1.6,0.7000000000000001,-0.9999999999999999,-0.7,16,20,0,0,2,1.6653345369377348e-16,-1.6,14
kempma01,1,1,0,1,1,23.6,20.799999999999997,28.7,29.7,242,77,3,2,234,21.6,36.699999999999996,-141
kempto01,0,0,0,0,0,0.3999999999999999,0.3999999999999999,1.0,1.0,4,5,0,0,4,0.3999999999999999,1.0,-7
kendrho01,0,0,0,0,1,25.599999999999998,24.6,23.099999999999998,23.7,253,56,1,1,353,35.099999999999994,33.1,21
keplema01,0,0,0,0,0,12.899999999999999,12.899999999999999,9.2,9.2,126,40,0,1,126,12.899999999999999,9.2,34
kiermke01,0,0,0,0,0,27.4,27.4,13.1,13.1,260,65,0,1,262,27.6,13.200000000000001,133
kimhy01,0,0,0,0,0,-0.29999999999999993,-0.29999999999999993,1.3,1.3,-3,8,0,0,-3,-0.29999999999999993,1.3,-16
kineris01,1,0,0,0,0,5.5,5.5,2.8,2.8,52,20,0,0,52,5.5,2.8,24
kingesc01,0,0,0,0,0,0.8999999999999999,0.8999999999999999,1.2000000000000002,1.2000000000000002,15,28,0,0,15,0.8999999999999999,1.2000000000000002,-2
kinslia01,1,0,1,0,0,38.10000000000001,34.2,27.700000000000003,30.599999999999998,368,69,4,4,529,54.199999999999996,44.7,87
kipnija01,0,0,0,0,0,19.799999999999997,19.0,22.5,23.0,191,47,2,2,206,21.399999999999995,25.7,-44
knappan01,0,0,0,0,0,0.6000000000000001,0.6000000000000001,1.9,1.9,11,8,0,0,11,0.6000000000000001,1.9,-10
kozmape01,0,0,0,0,0,-0.6000000000000002,-0.6000000000000001,-1.0,-1.0,-3,11,0,0,-3,-0.6000000000000002,-1.0,2
kratzer01,0,0,0,0,0,1.6999999999999995,0.1999999999999998,-0.20000000000000004,1.2,21,14,0,0,5,-0.20000000000000018,-1.0,9
lagarju01,0,0,0,0,0,13.1,12.200000000000001,3.3999999999999995,3.8999999999999995,129,49,0,0,123,12.299999999999999,3.3999999999999995,83
lakeju01,0,0,0,0,0,-0.8000000000000002,-0.8000000000000002,0.2999999999999999,0.2999999999999999,-3,12,0,0,-3,-0.8000000000000002,0.2999999999999999,-10
lambja01,0,0,0,0,0,8.2,7.6,7.5,7.7,90,30,1,0,86,7.699999999999999,7.499999999999999,2
lasteto01,0,0,0,0,0,4.1,4.1,6.4,6.4,46,18,1,0,46,4.1000000000000005,6.6000000000000005,-22
laurera01,0,0,0,0,0,8.5,8.5,7.999999999999999,7.999999999999999,85,35,0,0,85,8.5,7.999999999999999,5
lawribr01,0,0,0,0,0,15.599999999999998,15.599999999999998,12.499999999999998,12.499999999999998,149,44,0,0,149,15.599999999999998,12.499999999999998,28
lemahdj01,2,0,0,0,2,23.3,22.9,19.2,19.2,241,55,3,3,272,26.0,19.2,64
leonsa01,0,0,0,0,0,3.2999999999999994,2.6,0.5999999999999999,1.7999999999999996,34,28,0,0,22,2.1999999999999997,0.09999999999999987,19
lindad01,0,0,0,0,0,13.4,11.1,12.5,15.200000000000001,135,40,0,1,131,12.6,15.299999999999999,-25
lindofr01,1,0,1,0,0,28.3,28.3,24.1,24.1,276,69,4,4,276,28.3,24.1,38
lobatjo01,0,0,0,0,0,1.5999999999999996,1.5,1.6,1.6,16,14,0,0,2,0.1000000000000002,0.8,-8
lombast02,0,0,0,0,0,-1.2999999999999998,-1.2999999999999998,-0.30000000000000004,-0.30000000000000004,-9,5,0,0,-9,-1.2999999999999998,-0.30000000000000004,-10
loneyja01,0,0,0,0,0,12.5,9.899999999999999,6.6000000000000005,10.200000000000001,130,27,0,0,125,11.099999999999998,8.2,27
longoev01,0,0,0,0,0,41.9,39.2,31.3,33.699999999999996,409,79,3,5,560,56.6,46.79999999999999,98
lopezni01,0,0,0,0,0,-0.1,-0.1,0.0,0.0,-2,4,0,0,-2,-0.1,0.0,-1
loughda01,0,0,0,0,0,3.4999999999999996,3.4999999999999996,0.6,0.6,34,22,0,0,34,3.4999999999999996,0.6,27
lowebr01,0,0,0,0,0,6.3999999999999995,6.3999999999999995,6.6000000000000005,6.6000000000000005,64,29,1,0,64,6.3999999999999995,6.6000000000000005,-2
lowrije01,0,0,0,0,0,16.3,13.700000000000001,19.3,20.999999999999996,158,38,1,1,168,17.4,23.299999999999997,-61
lucrojo01,0,0,0,0,0,18.8,18.8,19.7,19.7,189,62,2,0,176,17.599999999999998,20.3,-27
luplojo01,0,0,0,0,0,1.9,1.9,1.2000000000000002,1.2000000000000002,19,19,0,0,19,1.9,1.2000000000000002,5
machadi01,0,0,0,0,0,-1.1,-1.1,-0.3,-0.3,-11,2,0,0,-11,-1.1,-0.3,-8
machama01,2,0,0,0,0,36.4,35.4,27.8,28.7,354,71,4,3,401,41.2,32.0,86
mahtomi01,0,0,0,0,0,0.29999999999999993,0.29999999999999993,1.5,1.5,3,12,0,0,3,0.29999999999999993,1.5,-13
mailelu01,0,0,0,0,0,0.5,0.5,-0.5999999999999999,-0.5999999999999999,4,9,0,0,4,0.5,-0.5999999999999999,9
maldoma01,0,0,0,0,0,7.3,6.0,2.7,4.2,71,17,0,0,69,6.9,2.5,38
mancitr01,0,0,0,1,0,7.5,7.5,8.7,8.7,73,38,0,0,73,7.5,8.7,-15
margoma01,0,0,0,0,0,8.2,8.2,5.0,5.0,88,25,0,0,88,8.2,5.0,34
marisja01,0,0,0,0,0,11.4,11.0,4.8,4.8,109,23,0,0,114,11.799999999999999,3.9000000000000004,71
markani01,1,0,0,0,0,24.600000000000005,23.7,22.5,23.2,251,73,1,1,350,33.4,32.9,10
marteje01,0,0,0,0,0,0.10000000000000003,0.10000000000000003,0.7000000000000002,0.7000000000000002,1,9,0,0,1,0.10000000000000003,0.7000000000000002,-6
marteke01,1,0,0,0,1,16.7,16.7,14.399999999999999,14.399999999999999,172,73,1,0,172,16.7,14.399999999999999,24
martest01,0,0,0,0,0,27.8,27.4,21.3,22.5,280,49,1,0,310,30.8,24.2,64
martijd02,2,1,1,2,2,27.8,25.3,28.1,30.099999999999998,270,66,3,4,254,25.799999999999997,29.200000000000003,-39
martijo08,0,0,0,0,0,2.5000000000000004,2.5000000000000004,5.700000000000001,5.700000000000001,31,21,0,0,31,2.5000000000000004,5.700000000000001,-28
martile01,0,0,0,0,0,11.799999999999999,11.600000000000001,5.9,7.200000000000001,111,41,0,0,108,11.6,5.8,49
martimi02,0,0,0,0,0,-1.2000000000000002,-1.2,-2.4,-2.3999999999999995,-9,2,0,0,-9,-1.2000000000000002,-2.3999999999999995,11
martiru01,0,0,0,0,0,27.299999999999997,22.2,18.400000000000002,22.4,272,58,4,3,390,38.900000000000006,33.2,56
martivi01,1,0,0,0,4,29.0,23.8,28.299999999999997,33.4,291,53,5,5,321,32.00000000000001,37.3,-58
mathije01,0,0,0,0,0,3.7,2.0,-1.6,-0.39999999999999997,41,9,0,0,14,0.3999999999999999,-6.499999999999998,66
mauerjo01,0,0,0,0,6,38.9,34.9,35.8,39.0,391,81,6,5,553,55.1,53.10000000000001,19
maybica01,0,0,0,0,0,14.0,10.3,11.2,13.6,137,42,0,0,143,13.799999999999999,14.600000000000001,-10
mazarno01,0,0,0,0,0,1.0,1.0,3.3000000000000003,3.3000000000000003,9,9,0,0,9,1.0,3.3000000000000003,-24
mccanbr01,0,0,0,0,1,24.800000000000004,21.3,21.900000000000002,24.8,250,57,7,2,325,32.00000000000001,34.099999999999994,-22
mccanja02,0,0,0,0,0,7.4,7.1,6.4,6.5,74,35,1,0,67,6.7,6.0,5
mccutan01,1,0,0,0,3,38.3,37.6,41.7,42.300000000000004,380,75,5,4,451,44.6,53.29999999999999,-78
mcgehca01,0,0,0,0,0,2.3000000000000007,1.1000000000000003,4.1000000000000005,5.1,34,18,0,0,21,0.8,3.7,-28
mckenmi01,0,0,0,0,0,2.5,2.5,3.3,3.3,26,16,0,0,26,2.5,3.3,-8
mckinbi01,0,0,0,0,0,0.6,0.6,0.5999999999999999,0.5999999999999999,6,2,0,0,6,0.6,0.5999999999999999,-1
mcmahry01,0,0,0,0,0,4.1,4.1,1.7999999999999998,1.7999999999999998,43,20,0,0,43,4.1,1.7999999999999998,23
mcneije01,0,0,0,0,1,10.299999999999999,10.299999999999999,8.8,8.8,107,53,1,0,107,10.299999999999999,8.8,18
meadoau01,0,0,0,0,0,4.2,4.2,5.8999999999999995,5.8999999999999995,44,40,1,1,44,4.2,5.8999999999999995,-17
mercaos01,0,0,0,0,0,1.8000000000000003,1.8000000000000003,0.8,0.8,17,21,0,0,17,1.8000000000000003,0.8,9
mercejo03,0,0,0,0,0,6.5,6.4,10.2,10.200000000000001,73,24,0,0,77,6.800000000000001,10.2,-31
merriwh01,2,0,0,0,0,14.5,14.5,14.000000000000002,14.000000000000002,141,43,1,1,141,14.5,14.000000000000002,1
mesorde01,0,0,0,0,0,5.1000000000000005,5.000000000000001,5.3999999999999995,5.8,54,47,1,1,51,4.700000000000001,5.3,-5
middlwi01,0,0,0,0,0,-0.7999999999999998,-0.7999999999999998,0.4999999999999999,0.4999999999999999,-2,14,0,0,-2,-0.7999999999999998,0.4999999999999999,-12
millebr02,0,0,0,0,0,7.700000000000001,6.8,12.6,13.100000000000003,75,20,0,0,79,8.0,13.8,-58
molinya01,0,0,0,0,2,28.700000000000003,27.3,20.0,21.8,283,69,9,5,423,41.099999999999994,28.499999999999996,124
moncayo01,0,0,0,0,1,9.399999999999999,9.399999999999999,9.900000000000002,9.900000000000002,94,51,0,1,94,9.399999999999999,9.900000000000002,-6
mondera02,0,0,0,0,0,4.3,4.3,4.2,4.2,41,21,0,0,41,4.3,4.2,-1
montemi01,0,0,0,0,0,16.5,16.5,16.4,16.4,168,43,2,2,152,14.5,17.4,-31
mooredy01,0,0,0,0,0,2.3000000000000003,2.3000000000000003,1.4000000000000001,1.4000000000000001,23,18,0,0,23,2.3000000000000003,1.4000000000000001,8
moorety01,0,0,0,0,0,-2.4000000000000004,-2.4000000000000004,-0.8,-0.8,-20,2,0,0,-20,-2.4000000000000004,-0.8,-15
moralke01,0,0,0,0,0,15.399999999999999,13.700000000000001,12.7,14.399999999999999,150,44,0,1,131,13.3,11.899999999999999,11
moranco01,0,0,0,0,0,0.5,0.5,3.8,3.8,10,10,0,0,10,0.5,3.8,-29
morelmi01,0,0,0,0,0,10.3,9.5,6.2,7.7,100,22,1,0,112,11.200000000000001,8.200000000000001,26
morneju01,0,0,0,0,2,24.299999999999997,21.9,20.0,22.399999999999995,243,46,4,4,272,26.899999999999995,24.9,20
morrilo01,0,0,0,0,0,5.500000000000001,4.1000000000000005,8.0,9.9,57,30,0,0,45,4.0,8.8,-48
morsemi01,0,0,0,0,0,7.000000000000001,6.1,8.9,10.500000000000002,73,34,0,1,48,3.9,9.600000000000001,-55
mossbr01,0,0,0,0,0,6.7,6.1000000000000005,8.0,9.2,69,25,1,0,55,5.0,7.3999999999999995,-24
moustmi01,0,0,0,0,0,15.2,11.5,13.8,15.500000000000002,153,39,3,1,152,15.099999999999998,16.599999999999998,-14
mullice01,1,0,0,0,0,1.4000000000000001,1.4000000000000001,1.7,1.7,15,16,0,0,15,1.4000000000000001,1.7,-3
muncyma01,0,0,0,0,0,11.399999999999999,11.399999999999999,10.6,10.6,120,57,1,2,120,11.399999999999999,10.6,11
munozya01,0,0,0,0,0,0.3,0.3,1.7,1.7,6,6,0,0,6,0.3,1.7,-11
murphda08,1,0,0,0,3,18.5,18.1,23.599999999999998,23.6,193,47,3,2,219,20.3,25.900000000000002,-47
murphjr01,0,0,0,0,0,0.29999999999999993,0.10000000000000003,0.4,0.4999999999999999,6,5,0,0,1,-0.19999999999999996,1.6653345369377348e-16,-1
murphto04,0,0,0,0,0,2.5,2.5,2.1,2.1,28,27,0,0,28,2.5,2.1,6
myerswi01,0,0,0,0,0,13.6,11.0,11.4,13.1,140,36,1,1,131,12.299999999999999,13.4,-10
napolmi01,0,0,0,0,1,22.0,21.2,22.2,22.3,216,55,1,0,259,26.400000000000002,28.099999999999998,-17
naquity01,0,0,0,0,0,3.5,3.5,3.5,3.5,35,13,0,0,35,3.5,3.5,-2
narvaom01,0,0,0,0,0,6.6000000000000005,6.6000000000000005,8.2,8.2,65,22,0,0,65,6.6000000000000005,8.2,-18
navada01,0,0,0,0,0,8.5,8.5,6.8,6.8,81,32,0,0,81,8.5,6.8,14
navardi01,0,0,0,0,0,8.500000000000002,6.199999999999999,6.0,8.8,83,23,1,0,72,7.1,8.0,-12
naylojo01,0,0,0,0,0,0.19999999999999998,0.19999999999999998,0.8,0.8,4,3,0,0,4,0.19999999999999998,0.8,-5
newmake01,0,0,0,0,0,1.2,1.2,2.6,2.6,15,32,0,0,15,1.2,2.6,-13
nieuwki01,0,0,0,0,0,2.9000000000000004,2.9000000000000004,1.7,1.7,31,13,0,0,31,2.9000000000000004,1.7,10
nimmobr01,0,0,0,0,0,9.3,9.3,10.0,10.0,98,47,0,0,98,9.3,10.0,-3
nolaau01,0,0,0,0,0,2.4999999999999996,2.4999999999999996,2.6999999999999997,2.6999999999999997,26,14,0,0,26,2.4999999999999996,2.6999999999999997,-2
norride01,0,0,0,0,0,8.9,8.9,8.499999999999998,8.499999999999998,87,29,1,0,87,8.9,8.499999999999998,2
nunezed02,0,0,0,0,1,4.000000000000001,2.5,9.7,10.0,41,17,1,0,2,0.20000000000000018,9.799999999999999,-97
nunezre01,0,0,0,0,0,2.5,2.5,2.6999999999999997,2.6999999999999997,22,14,0,0,22,2.5,2.6999999999999997,-5
odorro01,0,0,0,0,0,7.000000000000001,6.300000000000001,8.4,9.3,66,26,0,0,60,6.300000000000001,8.6,-25
ohearry01,0,0,0,0,0,-1.1999999999999997,-1.1999999999999997,-0.4,-0.4,-14,7,0,0,-14,-1.1999999999999997,-0.4,-10
ohtansh01,0,1,0,0,0,6.0,6.0,5.800000000000001,5.800000000000001,60,27,0,0,60,6.0,5.800000000000001,0
olsonma02,0,0,0,0,0,13.0,13.0,10.100000000000001,10.100000000000001,129,50,0,1,129,13.0,10.100000000000001,26
oneilty01,0,0,0,0,0,3.0,3.0,1.5,1.5,31,12,0,0,31,3.0,1.5,15
orlanpa01,0,0,0,0,0,1.6,1.6,0.30000000000000004,0.30000000000000004,17,20,0,0,17,1.6,0.30000000000000004,12
ortizda01,0,2,1,4,2,35.3,28.1,28.599999999999998,35.400000000000006,355,66,10,7,554,55.300000000000004,57.0,-16
osunajo01,0,0,0,0,0,-0.9000000000000001,-0.9000000000000001,-0.09999999999999998,-0.09999999999999998,-5,2,0,0,-5,-0.9000000000000001,-0.09999999999999998,-7
owingch01,0,0,0,0,0,4.3,2.1,1.1,4.199999999999999,49,16,0,0,37,2.8000000000000003,2.0,8
ozunama01,1,0,0,2,1,20.2,20.200000000000003,19.7,19.699999999999996,214,59,2,2,223,20.900000000000002,19.7,15
pachejo01,0,0,0,0,0,-3.9000000000000004,-3.9000000000000004,-0.8999999999999999,-0.8999999999999999,-32,-2,0,0,-32,-3.9000000000000004,-0.8999999999999999,-28
paganan01,0,0,0,0,0,18.599999999999998,17.3,16.299999999999997,17.9,188,53,0,1,188,17.999999999999996,18.7,-5
palkada01,0,0,0,0,0,-0.9,-0.9,0.3999999999999999,0.3999999999999999,-10,5,0,0,-10,-0.9,0.3999999999999999,-14
panikjo01,0,0,0,0,0,7.199999999999999,6.8999999999999995,8.4,8.4,79,35,1,0,74,6.500000000000001,8.200000000000001,-14
paredji01,0,0,0,0,0,-1.4000000000000001,-1.4000000000000001,-0.30000000000000016,-0.30000000000000016,-9,5,0,0,-9,-1.4000000000000001,-0.30000000000000016,-11
parmech01,0,0,0,0,0,-1.6653345369377348e-16,-1.6653345369377348e-16,0.9999999999999998,0.9999999999999998,1,13,0,0,1,-1.6653345369377348e-16,0.9999999999999998,-10
parrage01,0,0,0,0,0,13.700000000000001,11.8,5.4,6.6000000000000005,138,51,0,0,128,11.4,3.9,68
paulsbe01,0,0,0,0,0,0.5000000000000002,0.5000000000000002,0.20000000000000007,0.20000000000000007,6,11,0,0,6,0.5000000000000002,0.20000000000000007,2
pearcst01,0,0,0,0,0,11.1,10.6,9.899999999999999,10.099999999999998,105,53,0,0,97,9.799999999999999,8.3,12
pederjo01,0,0,0,0,0,10.4,10.4,11.6,11.7,110,35,1,0,105,9.799999999999999,11.500000000000002,-14
pedrodu01,4,0,2,0,1,41.1,38.9,31.1,33.1,404,78,4,3,507,52.0,41.50000000000001,99
penabr01,0,0,0,0,0,2.0,1.1,1.5,2.6,24,6,0,0,9,0.3,1.0999999999999999,-8
penara02,0,0,0,0,0,0.8999999999999999,0.8999999999999999,1.1,1.1,11,9,0,0,11,0.8999999999999999,1.1,-1
pencehu01,0,0,1,0,1,26.3,24.2,22.799999999999997,25.4,269,56,4,4,322,30.900000000000002,31.299999999999994,0
pennicl01,0,0,0,0,0,11.299999999999999,10.3,8.8,8.8,113,43,0,0,102,10.099999999999998,8.500000000000002,16
peralda01,0,0,0,0,1,13.399999999999999,13.3,12.9,13.2,139,36,0,0,144,13.899999999999999,13.499999999999998,8
peraljh01,0,0,0,0,0,26.5,20.8,21.4,26.3,260,55,3,1,306,30.400000000000002,33.5,-30
perazjo01,1,0,0,0,0,0.7000000000000001,0.7000000000000001,2.1000000000000005,2.1,17,25,0,0,17,0.7000000000000001,2.1,-10
perezca02,0,0,0,0,0,0.9999999999999997,0.9999999999999997,2.220446049250313e-16,2.220446049250313e-16,10,13,0,0,10,0.9999999999999997,2.220446049250313e-16,10
perezhe01,0,0,0,0,0,3.2,2.8000000000000003,1.2999999999999998,1.5,37,18,0,0,30,2.2,0.4999999999999999,18
perezro02,0,0,0,0,0,7.8999999999999995,7.6000000000000005,3.0,3.4,78,40,0,0,73,7.4,3.1,42
perezsa02,0,0,0,0,0,20.900000000000002,20.9,13.899999999999999,14.399999999999999,199,39,6,2,244,25.5,17.999999999999996,66
peterja01,0,0,0,0,0,1.9,1.4000000000000001,1.9,1.9000000000000001,23,12,0,0,14,0.8999999999999999,1.3000000000000003,-6
petitgr01,0,0,0,0,0,-0.09999999999999995,-0.09999999999999995,0.1,0.1,-3,9,0,0,-3,-0.09999999999999995,0.1,-4
phamth01,0,0,0,0,0,14.500000000000002,14.5,14.0,13.999999999999998,150,64,0,1,150,14.500000000000002,13.999999999999998,6
phegljo01,0,0,0,0,0,2.6000000000000005,2.6,2.9999999999999996,2.9999999999999996,24,16,0,0,20,2.0999999999999996,2.3,-3
phillbr01,0,0,0,0,0,24.8,24.3,19.1,20.3,254,47,3,2,300,28.499999999999996,26.900000000000002,19
pierza,0,0,0,0,0,18.2,14.700000000000001,13.9,18.9,185,47,2,1,248,23.900000000000002,28.4,-43
pillake01,0,0,0,0,0,16.1,16.1,10.700000000000001,10.700000000000001,155,48,0,1,158,16.400000000000002,10.299999999999999,55
pinama01,0,0,0,0,0,5.2,5.2,2.8000000000000003,2.8000000000000003,56,27,0,0,56,5.2,2.8000000000000003,25
pindech01,0,0,0,0,0,4.7,4.7,3.5,3.5,44,19,0,0,44,4.7,3.5,11
pireljo01,0,0,0,0,0,0.40000000000000024,0.40000000000000024,0.9000000000000001,0.9000000000000001,10,22,0,0,10,0.40000000000000024,0.9000000000000001,-2
piscost01,0,0,0,0,0,7.8,7.8,8.0,7.999999999999999,81,30,0,0,81,7.8,7.999999999999999,-3
plaweke01,0,0,0,0,0,3.0999999999999996,3.0999999999999996,2.5,2.5,33,13,0,0,33,3.0999999999999996,2.5,5
plouftr01,0,0,0,0,0,8.899999999999999,8.8,11.0,11.4,83,38,0,0,69,7.499999999999999,10.5,-32
polangr01,0,0,0,0,0,5.9,5.3,4.6,5.8999999999999995,69,26,0,0,59,4.9,4.7,4
polanjo01,1,0,0,0,0,9.0,8.7,12.100000000000001,12.2,88,47,1,1,87,8.9,12.299999999999999,-38
polloaj01,1,0,1,0,1,19.9,19.000000000000004,16.5,17.5,197,67,1,1,203,20.3,17.899999999999995,24
poseybu01,0,0,0,0,4,36.699999999999996,35.6,31.7,33.199999999999996,362,73,6,6,428,42.89999999999999,38.5,43
pradoma01,0,0,0,0,0,26.799999999999997,25.299999999999997,18.200000000000003,20.4,268,52,1,1,285,27.799999999999997,20.799999999999997,64
preslal01,0,0,0,0,0,1.5,0.7999999999999999,2.5,2.9999999999999996,18,15,0,0,10,0.5999999999999999,2.3999999999999995,-19
profaju01,0,0,0,0,0,3.7,3.7,6.3999999999999995,6.500000000000002,35,16,0,0,33,3.5,6.300000000000001,-33
puigya01,0,0,0,0,1,18.500000000000004,18.5,15.8,15.799999999999999,189,49,1,2,189,18.500000000000004,15.799999999999999,28
pujolal01,1,3,6,4,6,61.699999999999996,61.699999999999996,51.5,52.5,636,98,10,9,1010,99.5,85.19999999999999,141
quinnro01,0,0,0,0,0,1.2,1.2,0.7,0.7,13,7,0,0,13,1.2,0.7,4
raburry01,0,0,0,0,0,7.8999999999999995,4.6,6.5,9.600000000000001,79,23,0,0,39,3.3,6.0,-27
ramiral03,1,0,0,0,0,21.899999999999995,21.9,18.5,18.700000000000003,215,54,1,0,211,21.3,20.0,12
ramirha01,0,0,1,0,2,35.0,27.900000000000002,36.1,41.199999999999996,361,74,3,3,391,38.00000000000001,49.7,-112
ramirha02,0,0,0,0,0,0.0,0.0,0.8,0.8,3,4,0,0,3,0.0,0.8,-6
ramirjo01,0,1,0,0,1,27.9,27.599999999999998,26.5,26.5,274,73,2,4,287,29.2,27.5,13
ramoswi01,0,0,0,0,0,14.5,12.5,12.3,14.600000000000001,152,32,2,1,166,15.9,16.1,0
rasmuco01,0,0,0,0,0,18.8,17.4,15.399999999999999,15.399999999999999,186,47,0,0,200,20.200000000000003,15.899999999999999,41
realmjt01,0,0,0,0,0,21.400000000000002,21.4,20.8,20.8,224,49,2,1,224,21.400000000000002,20.900000000000002,9
reckean01,0,0,0,0,0,1.5,1.5,1.4,1.4,16,10,0,0,16,1.5,1.4,1
reddijo01,0,0,0,0,1,22.9,22.9,16.1,16.1,224,46,0,1,244,25.099999999999998,16.7,77
reimono01,0,0,0,0,0,3.8,3.0,3.7,4.1,42,27,0,0,32,2.7000000000000006,3.400000000000001,-5
rendoan01,0,0,1,1,1,32.0,32.0,27.9,28.599999999999998,328,76,1,4,338,32.8,29.7,34
renfrhu01,0,0,0,0,0,6.4,6.4,3.9999999999999996,3.9999999999999996,68,26,0,0,68,6.4,3.9999999999999996,26
rengilu01,0,0,0,0,0,0.19999999999999996,0.19999999999999996,0.39999999999999997,0.39999999999999997,1,9,0,0,1,0.19999999999999996,0.39999999999999997,-3
reverbe01,0,0,0,0,1,8.9,8.3,9.6,10.6,93,30,0,0,86,7.9,9.199999999999998,-9
reyesfr01,0,0,0,0,0,2.9000000000000004,2.9000000000000004,4.5,4.5,31,16,0,0,31,2.9000000000000004,4.5,-15
reyesjo01,1,0,2,0,1,29.4,26.6,28.599999999999998,32.5,298,62,4,5,391,37.800000000000004,45.199999999999996,-71
reyesvi01,0,0,0,0,0,0.19999999999999996,0.19999999999999996,0.3000000000000001,0.3000000000000001,2,13,0,0,2,0.19999999999999996,0.3000000000000001,-3
reynobr01,0,0,0,0,1,6.0,6.0,4.8,4.8,63,44,0,0,63,6.0,4.8,14
reynoma01,0,1,0,0,0,8.2,6.199999999999999,14.200000000000001,14.6,97,34,0,1,93,6.799999999999999,15.8,-81
rickajo01,0,0,0,0,0,1.4999999999999998,1.4999999999999998,0.4,0.4,15,7,0,0,15,1.4999999999999998,0.4,10
riddljt01,0,0,0,0,0,0.8,0.8,-0.20000000000000004,-0.20000000000000004,11,16,0,0,11,0.8,-0.20000000000000004,11
rileyau01,0,0,0,0,0,0.10000000000000009,0.10000000000000009,0.7000000000000001,0.7000000000000001,2,8,0,0,2,0.10000000000000009,0.7000000000000001,-6
riverre01,0,0,0,0,0,5.1,2.5,1.7,3.7,51,26,0,0,29,2.6,1.3000000000000003,12
rizzoan01,0,0,0,0,0,32.2,32.2,25.5,26.099999999999998,330,63,3,4,373,36.4,28.200000000000003,79
roberda10,0,0,0,0,0,1.7999999999999998,1.7999999999999998,2.8000000000000003,2.8000000000000003,17,27,0,0,17,1.7999999999999998,2.8000000000000003,-11
robincl01,0,0,0,0,0,-0.8,-0.8,0.7000000000000002,0.7000000000000002,-5,1,0,0,-5,-0.8,0.7000000000000002,-14
robinsh01,0,0,0,0,0,1.9000000000000001,1.5999999999999999,-0.9,-0.5,20,9,0,0,14,1.0999999999999999,-1.6,26
roblevi01,0,0,0,0,0,4.8,4.8,2.3000000000000003,2.3000000000000003,50,47,0,0,50,4.8,2.3000000000000003,26
rodrial01,2,4,7,3,3,64.30000000000001,57.699999999999996,56.3,62.0,681,114,14,15,1225,117.70000000000002,115.29999999999998,23
rodriro03,0,0,0,0,0,-2.2,-2.2,-0.2,-0.2,-23,-7,0,0,-23,-2.2,-0.2,-20
rodrise01,0,0,0,0,0,10.3,9.7,6.0,7.0,103,35,0,0,94,9.099999999999998,5.300000000000001,36
rojasmi02,0,0,0,0,0,9.4,8.299999999999999,6.8,6.8,100,24,0,0,99,9.200000000000001,6.299999999999999,29
rolliji01,0,0,2,0,0,32.699999999999996,30.9,23.5,26.900000000000002,339,64,3,5,500,47.6,43.900000000000006,43
rominan01,0,0,0,0,0,2.3,2.0999999999999996,1.6,1.6,23,7,0,0,9,0.8999999999999996,0.7999999999999997,-1
rominau01,0,0,0,0,0,1.2,0.4999999999999998,1.1999999999999997,1.3999999999999997,10,12,0,0,-5,-0.30000000000000004,0.5000000000000001,-11
rosalad01,0,0,0,0,0,5.4,4.8,2.7,3.5,53,24,0,0,39,3.6999999999999993,1.9,16
rosaram01,0,0,0,0,0,3.4,3.4,6.1000000000000005,6.1000000000000005,41,32,0,0,41,3.4,6.1000000000000005,-23
rosared01,0,0,0,0,0,12.299999999999999,12.3,11.3,11.3,118,41,0,2,118,12.299999999999999,11.3,5
rossda01,0,0,0,0,0,9.700000000000001,7.5,5.9,7.8,98,20,0,0,106,9.999999999999998,7.300000000000002,25
ruary01,0,0,0,0,0,-0.7,-0.7,-0.3999999999999999,-0.3999999999999999,-7,6,0,0,-7,-0.7,-0.3999999999999999,-3
rufda01,0,0,0,0,0,0.8,0.8,2.2,2.2,12,7,0,0,12,0.8,2.2,-13
ruggiju01,0,0,0,0,0,3.6,3.3,4.500000000000001,4.9,37,22,0,0,28,2.4000000000000004,4.1000000000000005,-15
ruizca01,0,0,0,0,1,21.1,18.9,15.8,17.0,209,44,1,3,228,22.6,18.499999999999996,39
ruizri01,0,0,0,0,0,1.1,1.1,0.39999999999999997,0.39999999999999997,11,8,0,0,11,1.1,0.39999999999999997,6
ruppca01,0,0,0,0,0,2.9000000000000004,2.9000000000000004,3.1,3.1,33,13,0,0,33,2.9000000000000004,3.1,-1
russead02,0,0,0,0,0,11.3,11.3,5.5,5.5,119,38,1,1,119,11.3,5.5,58
rutlejo01,0,0,0,0,0,-0.7999999999999998,-0.7999999999999998,2.6999999999999997,2.6999999999999997,-4,4,0,0,-4,-0.7999999999999998,2.6999999999999997,-32
ryanbr01,0,0,0,0,0,16.2,16.2,5.2,5.799999999999999,161,44,0,0,153,15.3,4.099999999999999,103
saladty01,0,0,0,0,0,2.4999999999999996,2.4999999999999996,-0.3,-0.3,26,18,0,0,26,2.4999999999999996,-0.3,28
saltaja01,0,0,0,0,0,7.000000000000001,6.7,9.3,10.299999999999999,73,27,0,0,63,5.8,9.999999999999998,-39
sanchca01,0,0,0,0,0,6.8999999999999995,6.8999999999999995,4.7,4.7,67,33,0,0,67,6.8999999999999995,4.7,18
sanchga02,0,0,0,0,0,11.299999999999999,11.299999999999999,11.399999999999999,11.399999999999999,110,40,2,1,110,11.299999999999999,11.399999999999999,-3
sanchhe01,0,0,0,0,0,-5.551115123125783e-17,0.0,0.7,0.7000000000000002,6,8,0,0,6,-5.551115123125783e-17,0.7000000000000002,-7
sandopa01,0,0,0,0,2,20.6,20.3,21.0,21.700000000000003,209,57,2,1,201,19.6,22.5,-26
sandsje01,0,0,0,0,0,-0.6000000000000001,-0.6000000000000001,-0.6000000000000001,-0.6000000000000001,-5,4,0,0,-5,-0.6000000000000001,-0.6000000000000001,0
sanomi01,0,0,0,0,0,7.5,7.5,11.4,11.4,73,28,1,0,73,7.5,11.4,-41
santaan02,0,0,0,0,0,3.0,3.0,1.5,1.5,29,17,0,0,29,3.0,1.5,13
santaca01,0,0,0,0,0,26.3,22.2,24.5,27.3,257,44,1,2,325,32.9,34.300000000000004,-11
santada01,0,0,0,0,1,2.4,2.4,4.3,4.3,22,35,0,0,22,2.4,4.3,-22
santado01,0,0,0,0,0,3.4000000000000004,3.4000000000000004,6.7,6.7,37,28,0,0,37,3.4000000000000004,6.7,-34
sardilu01,0,0,0,0,0,-1.4,-1.4,-0.20000000000000015,-0.20000000000000015,-13,0,0,0,-13,-1.4,-0.20000000000000015,-12
saundmi01,0,0,0,0,0,7.8,7.7,9.3,9.700000000000003,75,25,1,0,61,6.2,7.8999999999999995,-18
schaflo01,0,0,0,0,0,-0.0999999999999999,-0.0999999999999999,-0.7000000000000001,-0.7000000000000001,3,5,0,0,3,-0.0999999999999999,-0.7000000000000001,5
schebsc01,0,0,0,0,0,2.4,2.4,2.5,2.5,30,14,0,0,30,2.4,2.5,0
schoojo01,0,0,0,0,0,18.2,18.2,12.9,12.999999999999998,178,65,1,1,167,17.000000000000004,12.199999999999998,42
schwaky01,0,0,0,0,0,6.000000000000001,6.0,7.3,7.3,68,27,0,0,68,6.000000000000001,7.3,-10
seageco01,0,0,0,0,0,18.300000000000004,18.3,19.3,19.299999999999997,191,55,2,2,191,18.300000000000004,19.299999999999997,-7
seageky01,0,0,0,0,0,31.9,30.200000000000003,26.2,27.299999999999997,307,65,1,2,347,36.1,31.799999999999997,36
segurje01,2,0,0,0,1,21.799999999999997,21.2,20.1,20.700000000000003,223,66,2,1,243,23.599999999999998,22.0,15
semiema01,1,0,1,0,0,22.0,21.700000000000003,21.1,21.1,215,87,0,0,225,23.099999999999998,22.1,5
senzeni01,0,0,0,0,0,-0.5,-0.5,0.19999999999999998,0.19999999999999998,-1,3,0,0,-1,-0.5,0.19999999999999998,-5
severpe01,0,0,0,0,0,1.5,1.5,1.5999999999999999,1.5999999999999999,18,11,0,0,18,1.5,1.5999999999999999,-1
shawtr01,0,0,0,0,0,9.8,9.8,8.4,8.399999999999999,104,46,0,0,104,9.8,8.399999999999999,16
shuckja01,0,0,0,0,0,-1.7,-1.7,-0.7,-0.7,-11,9,0,0,-11,-1.7,-0.7,-10
sierrmo01,0,0,0,0,0,-0.7999999999999998,-0.7999999999999998,-0.29999999999999977,-0.29999999999999977,-5,8,0,0,-5,-0.7999999999999998,-0.29999999999999977,-4
simmoan01,0,0,0,0,0,33.8,33.800000000000004,14.7,14.799999999999999,328,78,0,3,352,36.3,16.2,185
slateau01,0,0,0,0,0,1.7999999999999998,1.7999999999999998,2.3,2.3,23,10,0,0,23,1.7999999999999998,2.3,-3
smithdo02,0,0,0,0,0,0.8,0.8,2.2,2.2,14,20,0,1,14,0.8,2.2,-12
smithdw02,0,0,0,0,0,-0.7,-0.7,0.8000000000000002,0.8000000000000002,-8,1,0,0,-8,-0.7,0.8000000000000002,-16
smithke04,0,0,0,0,0,1.0,1.0,2.6,2.6,8,4,0,0,8,1.0,2.6,-17
smithma05,0,0,0,0,0,5.3,5.3,5.000000000000001,5.000000000000001,50,33,0,0,50,5.3,5.000000000000001,-1
smithse01,0,0,0,0,0,10.999999999999998,10.8,11.1,12.299999999999999,112,34,0,0,119,11.6,13.799999999999999,-22
smoakju01,0,0,0,0,0,8.799999999999999,7.3,8.9,10.200000000000001,87,30,1,0,69,6.8999999999999995,9.1,-24
smolija01,0,0,0,0,0,2.7755575615628914e-16,2.7755575615628914e-16,0.4999999999999999,0.4999999999999999,-1,10,0,0,-1,2.7755575615628914e-16,0.4999999999999999,-4
snidetr01,0,0,0,0,0,5.1,3.8,2.6,3.3000000000000003,52,20,0,0,48,4.4,2.8000000000000003,15
sogarer01,0,0,0,0,0,8.7,7.3,5.1000000000000005,6.300000000000001,86,31,0,0,77,7.6000000000000005,4.8999999999999995,25
solakni01,0,0,0,0,0,0.3999999999999999,0.3999999999999999,2.4000000000000004,2.4000000000000004,4,8,0,0,4,0.3999999999999999,2.4000000000000004,-20
solando01,0,0,0,0,0,3.9000000000000004,3.0,4.2,4.8999999999999995,47,16,0,0,42,3.4,4.5,-10
solarya01,0,0,0,0,0,6.8999999999999995,6.8999999999999995,8.099999999999998,8.099999999999998,72,29,0,0,72,6.8999999999999995,8.099999999999998,-11
solerjo01,0,1,0,1,0,4.9,3.9,7.500000000000001,8.400000000000002,51,34,0,1,39,3.6999999999999997,7.4,-39
sotoge01,0,0,0,0,0,12.1,10.7,11.7,12.7,121,35,1,1,125,12.1,13.499999999999998,-14
sotoju01,0,0,0,0,0,11.0,11.0,12.299999999999999,12.299999999999999,117,55,0,1,117,11.0,12.299999999999999,-10
souzast01,0,0,0,0,0,5.6,5.6,5.4,5.4,57,39,0,0,57,5.6,5.4,3
spande01,0,0,0,0,0,24.7,24.5,19.6,20.2,247,49,0,1,282,27.800000000000004,27.099999999999998,8
spangco01,0,0,0,0,0,4.8,4.8,4.4,4.4,53,22,0,0,53,4.8,4.4,5
springe01,0,0,1,0,0,27.9,27.9,24.8,24.799999999999997,272,65,3,3,273,28.0,24.9,26
stallja01,0,0,0,0,0,4.0,4.0,2.0,2.0,41,16,0,0,41,4.0,2.0,20
stantmi03,0,2,0,2,0,34.800000000000004,33.2,29.1,30.6,342,82,4,5,414,42.0,36.2,52
stassma01,0,0,0,0,0,2.9000000000000004,1.0,0.8000000000000003,2.5000000000000004,27,10,0,0,9,1.1,1.0000000000000002,-1
stewach01,0,0,0,0,0,3.0,2.6,1.7,1.8,31,12,0,0,16,1.3000000000000003,0.7,5
stewach02,0,0,0,0,0,-1.2,-1.2,-0.4,-0.4,-13,-2,0,0,-13,-1.2,-0.4,-9
storytr01,1,0,0,0,0,23.400000000000002,23.400000000000002,17.799999999999997,17.799999999999997,241,74,2,3,241,23.400000000000002,17.799999999999997,58
stubbdr01,0,0,0,0,0,9.0,9.0,9.9,10.100000000000001,95,31,0,0,86,7.999999999999998,9.500000000000002,-17
suareeu01,0,1,0,0,0,14.600000000000001,14.6,16.9,16.9,156,41,1,2,147,13.600000000000001,16.4,-24
sucreje01,0,0,0,0,0,-0.30000000000000004,-0.30000000000000004,-0.8999999999999999,-0.9,-2,5,0,0,-2,-0.30000000000000004,-0.9,4
suzukic01,10,0,0,0,6,43.699999999999996,41.1,32.9,34.7,446,95,10,9,619,60.0,47.79999999999998,120
suzukku01,0,0,0,0,0,18.2,13.7,11.8,15.999999999999998,182,37,1,0,203,19.700000000000003,20.8,-10
swansda01,0,0,1,0,0,6.9,6.9,5.3999999999999995,5.3999999999999995,78,28,0,1,78,6.9,5.3999999999999995,17
swihabl01,0,0,0,0,0,-0.30000000000000004,-0.30000000000000004,1.0,1.0,-3,4,0,0,-3,-0.30000000000000004,1.0,-13
szczuma01,0,0,0,0,0,-0.6000000000000001,-0.6000000000000001,-0.5,-0.5,-2,3,0,0,-2,-0.6000000000000001,-0.5,-1
tapiara01,0,0,0,0,0,0.40000000000000013,0.40000000000000013,1.0999999999999999,1.0999999999999999,8,9,0,0,8,0.40000000000000013,1.0999999999999999,-6
tatisfe02,0,0,1,0,0,7.8,7.8,8.799999999999999,8.799999999999999,83,45,0,1,83,7.8,8.799999999999999,-8
tauchmi01,0,0,0,0,0,3.1999999999999997,3.1999999999999997,1.4,1.4,33,39,0,0,33,3.1999999999999997,1.4,18
tayloch03,0,0,1,0,0,14.599999999999998,12.700000000000001,12.2,13.799999999999999,150,46,0,0,142,13.8,13.3,7
taylomi02,0,0,0,0,0,4.300000000000002,4.0,0.9,1.2,50,28,0,0,46,3.9,0.8,31
teixema01,0,1,1,1,0,38.0,38.0,32.5,32.5,388,80,3,7,515,50.69999999999999,41.900000000000006,88
tejadru01,0,0,0,0,0,5.3999999999999995,5.0,6.2,6.4,58,21,0,0,51,4.5,5.799999999999999,-13
tellero01,0,0,0,0,0,0.6,0.6,0.9999999999999999,0.9999999999999999,6,6,0,0,6,0.6,0.9999999999999999,-5
thameer01,0,0,0,0,0,2.2,2.2,5.8999999999999995,5.8999999999999995,28,16,0,0,28,2.2,5.8999999999999995,-33
tholejo01,0,0,0,0,0,-0.4,-0.4000000000000001,1.2999999999999998,1.3000000000000003,0,7,0,0,-7,-1.2000000000000002,0.6000000000000005,-18
thomptr01,0,0,0,0,0,0.8999999999999997,0.8999999999999997,0.30000000000000004,0.30000000000000004,10,15,0,0,10,0.8999999999999997,0.30000000000000004,6
tomasya01,0,0,0,0,0,-2.5,-2.5,1.3,1.3,-20,-2,0,0,-20,-2.5,1.3,-36
tomlike01,0,0,0,0,0,1.5999999999999999,1.5999999999999999,1.6999999999999997,1.6999999999999997,19,8,0,0,19,1.5999999999999999,1.6999999999999997,0
torregl01,0,0,0,0,0,7.3,7.3,8.8,8.8,70,34,2,1,70,7.3,8.8,-18
torrero01,0,0,0,0,0,1.2,1.2,1.8,1.8,11,9,0,0,11,1.2,1.8,-6
travide01,0,0,0,0,0,5.8,5.8,6.5,6.5,56,24,0,0,56,5.8,6.5,-7
troutmi01,1,1,3,1,4,64.89999999999999,64.0,62.7,63.5,638,105,8,8,753,76.19999999999999,76.2,-4
trumbma01,0,1,0,0,0,10.899999999999999,9.7,11.7,12.600000000000001,108,29,2,0,97,9.299999999999999,11.999999999999998,-25
tuckeky01,0,0,0,0,0,2.5999999999999996,2.5999999999999996,1.3,1.3,26,19,0,0,26,2.5999999999999996,1.3,12
tuckepr01,0,0,0,0,0,-1.0,-1.0,0.4,0.4,-8,4,0,0,-8,-1.0,0.4,-13
tulowtr01,0,0,0,0,0,40.1,33.1,27.5,30.2,395,70,5,5,440,44.4,34.2,98
turneju01,0,0,0,0,3,28.599999999999998,28.6,27.0,27.099999999999998,290,58,1,1,308,29.999999999999996,31.1,-9
turnetr01,2,0,1,0,0,20.099999999999998,20.1,19.1,19.099999999999998,210,49,0,0,210,20.099999999999998,19.099999999999998,15
uptonbj01,0,0,0,0,0,17.999999999999996,15.7,20.3,21.8,184,46,0,0,180,16.7,21.799999999999997,-47
uptonju01,0,0,0,0,0,29.0,25.4,24.700000000000003,27.900000000000002,289,57,4,4,334,33.3,33.9,-10
uriaslu01,0,0,0,0,0,0.9,0.9,0.7,0.7,10,5,0,0,10,0.9,0.7,3
uribeju01,0,0,0,0,1,20.400000000000002,12.9,10.8,15.1,206,41,0,0,237,22.5,15.3,69
urshegi01,0,0,0,0,1,5.2,5.2,4.8999999999999995,4.8999999999999995,51,37,0,0,51,5.2,4.8999999999999995,2
utleych01,1,0,3,0,1,49.19999999999999,49.199999999999996,36.5,37.7,502,93,6,5,660,64.50000000000001,51.50000000000001,131
valaipa01,0,0,0,0,0,-1.2,-1.2,-0.30000000000000004,-0.30000000000000004,-7,7,0,0,-7,-1.2,-0.30000000000000004,-7
valbulu01,0,0,0,0,0,10.2,8.9,8.9,10.7,102,26,0,0,85,8.5,9.0,-7
valenda01,0,0,0,0,0,7.4,4.9,8.5,10.6,73,20,0,0,63,6.1000000000000005,10.2,-40
vanslsc01,0,0,0,0,0,3.3000000000000003,3.3000000000000003,1.5999999999999999,1.5999999999999999,33,26,0,0,33,3.3000000000000003,1.5999999999999999,16
vargake01,0,0,0,0,0,1.8,1.8,1.1,1.1,16,9,0,0,16,1.8,1.1,4
vazquch01,0,0,0,0,0,4.7,4.7,4.999999999999999,4.999999999999999,44,23,0,0,44,4.7,4.999999999999999,-6
venabwi01,0,0,0,0,0,12.8,12.8,9.3,10.0,131,34,0,0,134,12.9,9.7,29
verdual01,0,0,0,0,0,6.0,6.0,4.4,4.4,62,32,0,1,62,6.0,4.4,17
villajo01,0,0,0,0,0,12.5,12.3,13.100000000000001,13.200000000000001,126,44,0,0,121,12.100000000000001,13.400000000000002,-17
vogelda01,0,0,0,0,0,-0.3999999999999997,-0.3999999999999997,0.9000000000000001,0.9000000000000001,-4,10,1,0,-4,-0.3999999999999997,0.9000000000000001,-13
vogtst01,0,0,0,0,0,9.000000000000002,8.3,9.299999999999999,9.800000000000002,86,34,2,0,78,7.999999999999999,9.0,-10
voitlu01,0,1,0,0,0,4.4,4.4,6.6,6.6,44,17,0,0,44,4.4,6.6,-24
vottojo01,0,0,1,0,5,46.8,40.9,37.3,42.400000000000006,464,83,6,3,612,60.400000000000006,55.800000000000004,48
walkech02,0,0,0,0,0,2.9,2.9000000000000004,2.3000000000000003,2.3000000000000003,33,30,0,0,33,2.9,2.3000000000000003,8
walkene01,0,0,0,0,0,18.3,18.3,20.6,20.600000000000005,186,36,0,0,203,19.599999999999994,23.300000000000004,-37
wallabr01,0,0,0,0,0,-0.19999999999999996,-0.19999999999999996,0.7000000000000001,0.7000000000000001,3,8,0,0,3,-0.19999999999999996,0.7000000000000001,-9
weeksje01,0,0,0,0,0,1.4000000000000001,1.4000000000000001,3.0999999999999996,3.0999999999999996,17,18,0,0,17,1.4000000000000001,3.0999999999999996,-14
weeksri01,0,0,1,0,0,13.9,13.8,20.6,21.599999999999998,149,38,1,0,133,11.399999999999999,24.7,-125
wendljo01,0,0,0,0,0,8.9,8.9,6.700000000000001,6.700000000000001,84,46,0,0,84,8.9,6.700000000000001,19
werthja01,0,0,1,0,1,27.5,23.6,25.4,25.599999999999998,281,47,1,3,308,29.2,29.4,2
whitety01,0,0,0,0,0,0.19999999999999996,0.19999999999999996,0.8,0.8,4,13,0,0,4,0.19999999999999996,0.8,-5
wietema01,0,0,0,0,0,17.3,16.8,13.600000000000001,14.0,168,51,4,1,180,18.199999999999996,14.900000000000002,34
willini01,0,0,0,0,0,-1.6,-1.6,1.0999999999999999,1.0999999999999999,-11,3,0,0,-11,-1.6,1.0999999999999999,-23
wilsobo02,0,0,0,0,0,0.9000000000000001,0.9000000000000001,-0.20000000000000004,-0.19999999999999996,10,9,0,0,3,0.20000000000000018,-0.9,11
winkeje01,0,0,0,0,0,3.8,3.8,6.1,6.1,43,13,0,0,43,3.8,6.1,-20
wolteto01,0,0,0,0,0,2.4000000000000004,2.4000000000000004,5.551115123125783e-17,5.551115123125783e-17,29,19,0,0,29,2.4000000000000004,5.551115123125783e-17,25
wongko01,0,0,0,0,0,17.3,17.3,12.0,12.0,178,55,0,1,181,17.5,12.2,52
wrighda03,0,0,1,0,1,39.6,35.6,36.0,39.7,404,87,7,4,507,49.400000000000006,52.0,-25
yastrmi01,0,0,0,0,0,6.1000000000000005,6.1000000000000005,5.1,5.1,64,28,0,0,64,6.1000000000000005,5.1,11
yelicch01,1,0,1,0,2,31.900000000000006,31.9,31.5,31.5,327,74,2,3,335,32.7,32.9,-1
youngch04,0,0,0,0,0,17.0,15.1,11.5,12.6,171,54,1,0,171,16.5,14.7,17
younger03,0,0,0,0,0,2.5000000000000004,2.2,2.3,2.5,29,17,0,0,22,1.4,1.6999999999999997,-4
zimmebr01,0,0,0,0,0,1.6000000000000003,1.6000000000000003,0.9000000000000002,0.9000000000000002,16,16,0,0,16,1.6000000000000003,0.9000000000000002,6
zimmery01,0,0,0,0,0,31.199999999999996,30.2,25.2,27.4,317,73,2,4,410,39.5,34.9,48
zobribe01,0,0,0,0,0,39.699999999999996,38.699999999999996,31.699999999999996,32.800000000000004,388,88,3,2,440,44.6,39.300000000000004,51
zuninmi01,0,0,0,0,0,8.3,7.0,6.3999999999999995,8.499999999999998,80,34,0,0,72,7.3999999999999995,7.3,-1
