Place,Player,Age,Tm,Pos,Votes,Vote%,1st,2nd,3rd,4th,5th,G,A,PTS,+/-,W,L,T/O,GAA,SV%,OPS,DPS,GPS,PS,season
1,Dominik Hasek,32,BUF,G,519,96.11,50,2,1,0,0,0,3,3,0.0,37.0,20.0,10.0,2.27,0.93,0.0,0.0,17.2,17.2,19961997
2,Paul Kariya,22,MDA,LW,239,44.26,3,21,9,4,5,44,55,99,36.0,,,,,,10.6,2.0,0.0,12.6,19961997
3,Mario Lemieux,31,PIT,C,181,33.52,1,11,12,10,4,50,72,122,27.0,,,,,,12.8,1.7,0.0,14.5,19961997
4,Martin Brodeur,24,NJD,G,115,21.3,0,7,6,11,3,0,4,4,0.0,37.0,14.0,13.0,1.88,0.927,0.0,0.0,12.4,12.4,19961997
5,Teemu Selanne,26,MDA,RW,70,12.96,0,3,6,5,4,51,58,109,28.0,,,,,,11.8,1.9,0.0,13.7,19961997
6,John LeClair,27,PHI,LW,66,12.22,0,4,5,2,7,50,47,97,44.0,,,,,,10.6,2.4,0.0,13.0,19961997
7,Mike Modano,26,DAL,C,44,8.15,0,0,3,7,8,35,48,83,43.0,,,,,,7.8,2.4,0.0,10.2,19961997
8,Patrick Roy,31,COL,G,31,5.74,0,2,2,0,7,0,1,1,0.0,38.0,15.0,7.0,2.32,0.923,0.0,0.0,13.5,13.5,19961997
9,Eric Lindros,23,PHI,C,30,5.56,0,2,2,1,3,32,47,79,31.0,,,,,,8.4,1.6,0.0,10.0,19961997
10,Keith Tkachuk,24,PHX,LW,25,4.63,0,0,2,4,3,52,34,86,-1.0,,,,,,9.7,1.2,0.0,10.9,19961997
11,Peter Forsberg,23,COL,C,17,3.15,0,0,2,2,1,28,58,86,31.0,,,,,,8.1,1.9,0.0,10.0,19961997
12,Ziggy Palffy,24,NYI,RW,16,2.96,0,1,1,1,1,48,42,90,21.0,,,,,,10.2,1.8,0.0,12.0,19961997
13,Jaromir Jagr,24,PIT,RW,15,2.78,0,1,1,0,3,47,48,95,22.0,,,,,,10.6,1.4,0.0,12.0,19961997
14,Joe Sakic,27,COL,C,10,1.85,0,0,0,3,1,22,52,74,-10.0,,,,,,6.4,0.5,0.0,6.9,19961997
15,Wayne Gretzky,36,NYR,C,8,1.48,0,0,1,1,0,25,72,97,12.0,,,,,,8.2,1.3,0.0,9.5,19961997
16,Brian Leetch,28,NYR,D,6,1.11,0,0,0,2,0,20,58,78,31.0,,,,,,7.5,5.6,0.0,13.1,19961997
17,Tony Amonte,26,CHI,RW,5,0.93,0,0,1,0,0,41,36,77,35.0,,,,,,7.9,2.2,0.0,10.1,19961997
18,Mats Sundin,25,TOR,C,3,0.56,0,0,0,1,0,41,53,94,6.0,,,,,,9.7,1.3,0.0,11.0,19961997
19,Doug Gilmour,33,TOT,C,1,0.19,0,0,0,0,1,22,60,82,2.0,,,,,,6.7,1.2,0.0,7.9,19961997
19,Guy Hebert,30,MDA,G,1,0.19,0,0,0,0,1,0,1,1,0.0,29.0,25.0,12.0,2.67,0.919,0.0,0.0,14.7,14.7,19961997
19,Mike Richter,30,NYR,G,1,0.19,0,0,0,0,1,0,0,0,0.0,33.0,22.0,6.0,2.69,0.917,0.0,0.0,13.0,13.0,19961997
19,Brendan Shanahan,28,TOT,LW,1,0.19,0,0,0,0,1,47,41,88,32.0,,,,,,9.3,2.3,0.0,11.6,19961997
1,Dominik Hasek,33,BUF,G,499,92.41,43,7,4,0,0,0,2,2,0.0,33.0,23.0,13.0,2.09,0.932,0.0,0.0,18.6,18.6,19971998
2,Jaromir Jagr,25,PIT,RW,308,57.04,4,25,16,4,1,35,67,102,17.0,,,,,,10.9,1.7,0.0,12.6,19971998
3,Teemu Selanne,27,MDA,RW,247,45.74,5,14,16,4,7,52,34,86,12.0,,,,,,12.0,1.3,0.0,13.3,19971998
4,Martin Brodeur,25,NJD,G,115,21.3,1,5,7,8,11,0,3,3,0.0,43.0,17.0,8.0,1.89,0.917,0.0,0.0,11.1,11.1,19971998
5,Wayne Gretzky,37,NYR,C,46,8.52,1,0,1,9,4,23,67,90,-11.0,,,,,,8.2,0.9,0.0,9.1,19971998
6,Peter Bondra,29,WSH,RW,40,7.41,0,1,3,5,3,52,26,78,14.0,,,,,,10.5,1.6,0.0,12.1,19971998
7,John LeClair,28,PHI,LW,34,6.3,0,0,3,5,4,51,36,87,30.0,,,,,,11.0,2.1,0.0,13.1,19971998
8,Peter Forsberg,24,COL,C,26,4.81,0,0,0,7,5,25,66,91,6.0,,,,,,9.0,1.1,0.0,10.1,19971998
9,Jason Allison,22,BOS,C,18,3.33,0,1,1,1,3,33,50,83,33.0,,,,,,8.9,2.4,0.0,11.3,19971998
10,Rob Blake,28,LAK,D,17,3.15,0,0,1,2,5,23,27,50,-3.0,,,,,,5.9,3.0,0.0,8.8,19971998
11,Olaf Kolzig,27,WSH,G,8,1.48,0,0,1,1,0,0,1,1,0.0,33.0,18.0,10.0,2.2,0.92,0.0,0.0,12.7,12.7,19971998
12,Byron Dafoe,26,BOS,G,7,1.3,0,1,0,0,0,0,3,3,0.0,30.0,25.0,9.0,2.24,0.914,0.0,0.0,10.8,10.8,19971998
12,Joe Nieuwendyk,31,DAL,C,7,1.3,0,0,1,0,2,39,30,69,16.0,,,,,,8.4,1.7,0.0,10.0,19971998
12,Nicklas Lidstrom,27,DET,D,7,1.3,0,0,0,2,1,17,42,59,22.0,,,,,,6.1,5.5,0.0,11.6,19971998
15,Ron Francis,34,PIT,C,6,1.11,0,0,0,2,0,25,62,87,12.0,,,,,,8.2,1.6,0.0,9.8,19971998
15,Chris Pronger,23,STL,D,6,1.11,0,0,0,2,0,9,27,36,47.0,,,,,,2.9,7.3,0.0,10.3,19971998
15,Ed Belfour,32,DAL,G,6,1.11,0,0,0,1,3,0,0,0,0.0,37.0,12.0,10.0,1.88,0.916,0.0,0.0,9.3,9.3,19971998
18,Tom Barrasso,32,PIT,G,3,0.56,0,0,0,1,0,0,2,2,0.0,31.0,14.0,13.0,2.07,0.922,0.0,0.0,11.8,11.8,19971998
19,Steve Yzerman,32,DET,C,2,0.37,0,0,0,0,2,24,45,69,3.0,,,,,,6.7,0.9,0.0,7.6,19971998
20,Bobby Holik,27,NJD,C,1,0.19,0,0,0,0,1,29,36,65,23.0,,,,,,6.5,2.1,0.0,8.6,19971998
20,Curtis Joseph,30,EDM,G,1,0.19,0,0,0,0,1,0,2,2,0.0,29.0,31.0,9.0,2.63,0.905,0.0,0.0,11.0,11.0,19971998
1,Jaromir Jagr,26,PIT,RW,543,96.96,51,4,1,0,0,44,83,127,17.0,,,,,,11.9,2.7,0.0,14.6,19981999
2,Alexei Yashin,25,OTT,C,226,40.36,0,23,9,5,5,44,50,94,16.0,,,,,,9.6,2.4,0.0,12.0,19981999
3,Dominik Hasek,34,BUF,G,172,30.71,4,10,8,5,7,0,0,0,0.0,30.0,18.0,14.0,1.87,0.937,0.0,0.0,16.8,16.8,19981999
4,Curtis Joseph,31,TOR,G,118,21.07,1,5,10,7,2,0,5,5,0.0,35.0,24.0,7.0,2.56,0.91,0.0,0.0,11.6,11.6,19981999
5,Teemu Selanne,28,MDA,RW,111,19.82,0,3,14,5,5,47,60,107,18.0,,,,,,11.6,2.7,0.0,14.3,19981999
6,Eric Lindros,25,PHI,C,77,13.75,0,4,5,6,6,40,53,93,35.0,,,,,,9.2,3.1,0.0,12.4,19981999
7,Peter Forsberg,25,COL,C,61,10.89,0,3,4,5,5,30,67,97,27.0,,,,,,8.0,2.8,0.0,10.8,19981999
8,Paul Kariya,24,MDA,LW,48,8.57,0,2,2,6,6,39,62,101,17.0,,,,,,9.1,3.1,0.0,12.2,19981999
9,Byron Dafoe,27,BOS,G,40,7.14,0,1,1,7,7,0,2,2,0.0,32.0,23.0,11.0,2.0,0.926,0.0,0.0,14.1,14.1,19981999
10,Al MacInnis,35,STL,D,24,4.29,0,1,1,3,3,20,42,62,33.0,,,,,,6.0,7.7,0.0,13.6,19981999
11,Mike Modano,28,DAL,C,13,2.32,0,0,0,3,4,34,47,81,29.0,,,,,,7.6,3.1,0.0,10.7,19981999
12,Pavol Demitra,24,STL,LW,7,1.25,0,0,0,2,1,37,52,89,13.0,,,,,,8.5,2.2,0.0,10.7,19981999
12,Steve Yzerman,33,DET,C,7,1.25,0,0,1,0,2,29,45,74,8.0,,,,,,5.8,2.0,0.0,7.8,19981999
14,Ron Tugnutt,31,OTT,G,4,0.71,0,0,0,1,1,0,0,0,0.0,22.0,10.0,8.0,1.79,0.925,0.0,0.0,7.8,7.8,19981999
15,Joe Sakic,29,COL,C,3,0.54,0,0,0,1,0,41,55,96,23.0,,,,,,8.9,2.7,0.0,11.6,19981999
16,Martin Brodeur,26,NJD,G,1,0.18,0,0,0,0,1,0,4,4,0.0,39.0,21.0,10.0,2.29,0.906,0.0,0.0,9.8,9.8,19981999
16,Mats Sundin,27,TOR,C,1,0.18,0,0,0,0,1,31,52,83,22.0,,,,,,7.2,1.7,0.0,8.9,19981999
1,Chris Pronger,25,STL,D,396,68.28,25,9,11,8,4,14,48,62,52.0,,,,,,5.2,9.6,0.0,14.8,19992000
2,Jaromir Jagr,27,PIT,RW,395,68.1,18,22,9,4,4,42,54,96,25.0,,,,,,9.9,2.3,0.0,12.2,19992000
3,Pavel Bure,28,FLA,RW,346,59.66,11,18,16,9,3,58,36,94,25.0,,,,,,10.7,2.8,0.0,13.5,19992000
4,Olaf Kolzig,29,WSH,G,139,23.97,2,3,12,10,8,0,2,2,0.0,41.0,20.0,11.0,2.24,0.917,0.0,0.0,14.6,14.6,19992000
5,Owen Nolan,27,SJS,RW,62,10.69,1,0,3,7,16,44,40,84,-1.0,,,,,,8.6,1.8,0.0,10.5,19992000
6,Roman Turek,29,STL,G,30,5.17,0,2,1,3,2,0,1,1,0.0,42.0,15.0,9.0,1.95,0.912,0.0,0.0,10.2,10.2,19992000
6,Mark Recchi,31,PHI,RW,30,5.17,0,1,2,3,4,28,63,91,20.0,,,,,,7.6,3.1,0.0,10.7,19992000
8,Steve Yzerman,34,DET,C,26,4.48,1,0,1,3,2,35,44,79,28.0,,,,,,7.3,2.5,0.0,9.8,19992000
9,Nicklas Lidstrom,29,DET,D,22,3.79,0,1,0,4,3,20,53,73,19.0,,,,,,7.1,5.8,0.0,13.0,19992000
10,Mike Modano,29,DAL,C,21,3.62,0,2,0,2,1,38,43,81,0.0,,,,,,7.3,2.5,0.0,9.7,19992000
11,Curtis Joseph,32,TOR,G,16,2.76,0,0,2,1,3,0,1,1,0.0,36.0,20.0,7.0,2.49,0.915,0.0,0.0,13.4,13.4,19992000
12,Martin Brodeur,27,NJD,G,6,1.03,0,0,0,1,3,1,4,5,0.0,43.0,20.0,8.0,2.24,0.91,0.0,0.0,12.1,12.1,19992000
13,Chris Simon,28,WSH,LW,5,0.86,0,0,1,0,0,29,20,49,11.0,,,,,,4.9,1.6,0.0,6.6,19992000
14,Joe Sakic,30,COL,C,4,0.69,0,0,0,1,1,28,53,81,30.0,,,,,,7.4,2.7,0.0,10.1,19992000
15,Brendan Shanahan,31,DET,LW,3,0.52,0,0,0,1,0,41,37,78,24.0,,,,,,8.3,2.2,0.0,10.5,19992000
15,Ed Belfour,34,DAL,G,3,0.52,0,0,0,0,3,0,3,3,0.0,32.0,21.0,7.0,2.1,0.919,0.0,0.0,12.1,12.1,19992000
17,Patrik Elias,23,NJD,LW,1,0.17,0,0,0,0,1,35,37,72,16.0,,,,,,7.4,2.0,0.0,9.4,19992000
17,Dominik Hasek,35,BUF,G,1,0.17,0,0,0,0,1,0,1,1,0.0,15.0,11.0,6.0,2.21,0.919,0.0,0.0,7.2,7.2,19992000
17,Jarome Iginla,22,CGY,RW,1,0.17,0,0,0,0,1,29,34,63,0.0,,,,,,5.4,1.5,0.0,7.0,19992000
17,Adam Oates,37,WSH,C,1,0.17,0,0,0,0,1,15,56,71,13.0,,,,,,3.9,2.4,0.0,6.3,19992000
1,Joe Sakic,31,COL,C,582,93.87,53,6,2,1,0,54,64,118,45.0,,,,,,12.2,3.6,0.0,15.9,20002001
2,Mario Lemieux,35,PIT,C,272,43.87,8,17,10,6,5,35,41,76,15.0,,,,,,8.3,1.3,0.0,9.5,20002001
3,Jaromir Jagr,28,PIT,RW,210,33.87,0,20,10,5,5,52,69,121,19.0,,,,,,12.1,2.0,0.0,14.1,20002001
4,Roman Cechmanek,29,PHI,G,89,14.35,0,2,8,10,5,0,1,1,0.0,35.0,15.0,6.0,2.01,0.921,0.0,0.0,11.9,11.9,20002001
5,Martin Brodeur,28,NJD,G,64,10.32,0,4,4,4,4,0,1,1,0.0,42.0,17.0,11.0,2.32,0.906,0.0,0.0,11.3,11.3,20002001
6,Patrik Elias,24,NJD,LW,61,9.84,0,3,4,5,5,40,56,96,45.0,,,,,,9.5,3.0,0.0,12.5,20002001
6,Doug Weight,30,EDM,C,61,9.84,0,2,7,2,6,25,65,90,12.0,,,,,,6.8,2.2,0.0,9.0,20002001
8,Dominik Hasek,36,BUF,G,42,6.77,0,3,2,3,2,0,3,3,0.0,37.0,24.0,4.0,2.11,0.921,0.0,0.0,13.9,13.9,20002001
9,Pavel Bure,29,FLA,RW,41,6.61,0,0,4,5,6,59,33,92,-2.0,,,,,,9.5,2.4,0.0,11.9,20002001
10,Nicklas Lidstrom,30,DET,D,38,6.13,0,2,1,6,1,15,56,71,9.0,,,,,,6.4,5.8,0.0,12.2,20002001
11,Markus Naslund,27,VAN,RW,20,3.23,1,1,0,0,3,41,34,75,-2.0,,,,,,8.2,1.3,0.0,9.5,20002001
12,Sean Burke,34,PHX,G,17,2.74,0,0,2,1,4,0,1,1,0.0,25.0,22.0,13.0,2.27,0.922,0.0,0.0,14.4,14.4,20002001
12,Mike Modano,30,DAL,C,17,2.74,0,0,1,3,3,33,51,84,26.0,,,,,,6.9,3.2,0.0,10.2,20002001
14,Alexei Yashin,27,OTT,C,15,2.42,0,0,2,1,2,40,48,88,10.0,,,,,,8.6,1.9,0.0,10.5,20002001
15,Scott Stevens,36,NJD,D,13,2.1,0,0,2,1,0,9,22,31,40.0,,,,,,1.9,6.1,0.0,8.1,20002001
16,Alex Kovalev,27,PIT,RW,10,1.61,0,1,0,1,0,44,51,95,12.0,,,,,,8.8,1.7,0.0,10.5,20002001
16,Tommy Salo,29,EDM,G,10,1.61,0,0,2,0,0,0,1,1,0.0,36.0,25.0,12.0,2.46,0.904,0.0,0.0,11.5,11.5,20002001
18,Evgeni Nabokov,25,SJS,G,8,1.29,0,0,1,0,3,0,2,2,0.0,32.0,21.0,7.0,2.19,0.915,0.0,0.0,11.7,11.7,20002001
19,Sergei Fedorov,31,DET,C,7,1.13,0,1,0,0,0,32,37,69,12.0,,,,,,6.0,2.3,0.0,8.2,20002001
19,Peter Bondra,32,WSH,LW,7,1.13,0,0,0,1,4,45,36,81,8.0,,,,,,8.0,2.3,0.0,10.3,20002001
21,Jason Allison,25,BOS,C,4,0.65,0,0,0,1,1,36,59,95,-8.0,,,,,,8.1,1.8,0.0,9.9,20002001
21,Steve Yzerman,35,DET,C,4,0.65,0,0,0,1,1,18,34,52,4.0,,,,,,3.9,1.5,0.0,5.4,20002001
23,Rob Blake,31,TOT,D,3,0.48,0,0,0,1,0,19,40,59,3.0,,,,,,6.0,3.5,0.0,9.5,20002001
23,Brett Hull,36,DAL,RW,3,0.48,0,0,0,1,0,39,40,79,10.0,,,,,,8.2,2.1,0.0,10.3,20002001
23,Patrick Lalime,26,OTT,G,3,0.48,0,0,0,1,0,0,1,1,0.0,36.0,19.0,5.0,2.35,0.914,0.0,0.0,12.0,12.0,20002001
23,Keith Primeau,29,PHI,C,3,0.48,0,0,0,1,0,34,39,73,17.0,,,,,,7.2,2.1,0.0,9.3,20002001
23,Mark Recchi,32,PHI,RW,3,0.48,0,0,0,1,0,27,50,77,15.0,,,,,,6.7,2.1,0.0,8.7,20002001
28,Arturs Irbe,33,CAR,G,1,0.16,0,0,0,0,1,0,2,2,0.0,37.0,29.0,9.0,2.45,0.908,0.0,0.0,12.9,12.9,20002001
28,Jeff O'Neill,24,CAR,RW,1,0.16,0,0,0,0,1,41,26,67,-18.0,,,,,,6.8,1.5,0.0,8.3,20002001
1,Jose Theodore,25,MTL,G,434,70.0,26,16,9,5,2,0,2,2,0.0,30.0,24.0,10.0,2.11,0.931,0.0,0.0,17.4,17.4,20012002
2,Jarome Iginla,24,CGY,RW,434,70.0,23,18,12,5,3,52,44,96,27.0,,,,,,11.2,3.2,0.0,14.4,20012002
3,Patrick Roy,36,COL,G,283,45.65,8,15,12,11,5,0,3,3,0.0,32.0,23.0,8.0,1.94,0.925,0.0,0.0,13.3,13.3,20012002
4,Sean Burke,35,PHX,G,172,27.74,2,5,16,10,7,0,1,1,0.0,33.0,21.0,6.0,2.29,0.92,0.0,0.0,12.9,12.9,20012002
5,Markus Naslund,28,VAN,LW,64,10.32,0,0,4,10,14,40,50,90,22.0,,,,,,9.6,2.3,0.0,11.9,20012002
6,Ron Francis,38,CAR,C,48,7.74,1,2,3,2,3,27,50,77,4.0,,,,,,6.7,2.1,0.0,8.7,20012002
7,Joe Sakic,32,COL,C,41,6.61,2,1,2,1,1,26,53,79,12.0,,,,,,6.3,2.9,0.0,9.2,20012002
8,Mats Sundin,30,TOR,C,35,5.65,0,2,0,5,6,41,39,80,6.0,,,,,,8.7,1.6,0.0,10.3,20012002
9,Brendan Shanahan,33,DET,LW,24,3.87,0,2,1,1,2,37,38,75,23.0,,,,,,7.8,2.5,0.0,10.3,20012002
10,Michael Peca,27,NYI,C,11,1.77,0,1,0,1,1,25,35,60,19.0,,,,,,4.8,2.4,0.0,7.2,20012002
1,Peter Forsberg,29,COL,C,508,81.94,38,13,6,2,1,29,77,106,52.0,,,,,,10.2,3.4,0.0,13.6,20022003
2,Markus Naslund,29,VAN,LW,342,55.16,5,26,17,7,4,48,56,104,6.0,,,,,,11.7,1.8,0.0,13.5,20022003
3,Martin Brodeur,30,NJD,G,311,50.16,14,12,11,10,2,0,0,0,0.0,41.0,23.0,9.0,2.02,0.914,0.0,0.0,11.4,11.4,20022003
4,Joe Thornton,23,BOS,C,131,21.13,0,6,6,15,14,36,65,101,12.0,,,,,,10.1,2.0,0.0,12.1,20022003
5,Todd Bertuzzi,27,VAN,RW,100,16.13,2,2,7,7,10,46,51,97,2.0,,,,,,10.6,1.7,0.0,12.3,20022003
6,Al MacInnis,39,STL,D,46,7.42,0,2,4,3,3,16,52,68,22.0,,,,,,6.7,5.6,0.0,12.3,20022003
7,Mike Modano,32,DAL,C,43,6.94,1,0,3,5,3,28,57,85,34.0,,,,,,7.6,3.1,0.0,10.7,20022003
8,Nicklas Lidstrom,32,DET,D,41,6.61,0,0,4,6,3,18,44,62,40.0,,,,,,6.1,7.1,0.0,13.2,20022003
9,Sergei Fedorov,33,DET,C,22,3.55,1,0,2,0,2,36,47,83,15.0,,,,,,8.1,2.0,0.0,10.1,20022003
10,Marian Hossa,24,OTT,RW,14,2.26,0,0,1,2,3,45,35,80,8.0,,,,,,9.2,1.9,0.0,11.1,20022003
11,Marty Turco,27,DAL,G,11,1.77,0,0,1,1,3,0,3,3,0.0,31.0,10.0,10.0,1.73,0.932,0.0,0.0,11.9,11.9,20022003
12,Patrick Roy,37,COL,G,10,1.61,1,0,0,0,0,0,0,0,0.0,35.0,15.0,13.0,2.18,0.92,0.0,0.0,12.8,12.8,20022003
12,Milan Hejduk,26,COL,RW,10,1.61,0,1,0,0,3,50,48,98,52.0,,,,,,11.1,3.5,0.0,14.6,20022003
14,Nikolai Khabibulin,30,TBL,G,7,1.13,0,0,0,2,1,0,3,3,0.0,30.0,22.0,11.0,2.47,0.911,0.0,0.0,11.2,11.2,20022003
15,Ed Belfour,37,TOR,G,6,0.97,0,0,0,1,3,0,2,2,0.0,37.0,20.0,5.0,2.26,0.922,0.0,0.0,13.9,13.9,20022003
15,Mario Lemieux,37,PIT,C,6,0.97,0,0,0,1,3,28,63,91,-25.0,,,,,,8.3,1.1,0.0,9.4,20022003
17,Dany Heatley,22,ATL,RW,2,0.32,0,0,0,0,2,41,48,89,-8.0,,,,,,9.7,1.4,0.0,11.0,20022003
18,Jean-Sebastien Giguere,25,MDA,G,1,0.16,0,0,0,0,1,0,0,0,0.0,34.0,22.0,6.0,2.3,0.92,0.0,0.0,13.5,13.5,20022003
18,Mats Sundin,31,TOR,C,1,0.16,0,0,0,0,1,37,35,72,1.0,,,,,,7.4,1.6,0.0,9.0,20022003
1,Martin St. Louis,28,TBL,RW,1016,96.76,97,5,1,2,0,38,56,94,35.0,,,,,,10.1,3.1,0.0,13.2,20032004
2,Jarome Iginla,26,CGY,RW,253,24.1,2,20,15,3,9,41,32,73,21.0,,,,,,8.0,3.1,0.0,11.1,20032004
3,Martin Brodeur,31,NJD,G,213,20.29,2,14,11,11,7,0,0,0,0.0,38.0,26.0,11.0,2.03,0.917,0.0,0.0,12.5,12.5,20032004
4,Miikka Kiprusoff,27,CGY,G,193,18.38,0,19,7,7,4,0,1,1,0.0,24.0,10.0,4.0,1.69,0.933,0.0,0.0,8.4,8.4,20032004
5,Markus Naslund,30,VAN,LW,176,16.76,0,11,10,13,10,35,49,84,24.0,,,,,,9.0,2.5,0.0,11.4,20032004
6,Roberto Luongo,24,FLA,G,167,15.9,2,10,8,8,13,0,3,3,0.0,25.0,33.0,14.0,2.43,0.931,0.0,0.0,20.9,20.9,20032004
7,Joe Sakic,34,COL,C,144,13.71,0,6,9,15,12,33,54,87,11.0,,,,,,8.6,2.2,0.0,10.8,20032004
8,Marty Turco,28,DAL,G,87,8.29,0,3,8,6,8,0,1,1,0.0,37.0,21.0,13.0,1.98,0.913,0.0,0.0,10.4,10.4,20032004
9,Scott Niedermayer,30,NJD,D,70,6.67,0,2,6,7,5,14,40,54,20.0,,,,,,5.1,6.9,0.0,12.0,20032004
10,Ed Belfour,38,TOR,G,59,5.62,1,2,3,5,5,0,2,2,0.0,34.0,19.0,6.0,2.13,0.918,0.0,0.0,10.3,10.3,20032004
10,Ilya Kovalchuk,20,ATL,LW,59,5.62,0,1,7,4,5,41,46,87,-10.0,,,,,,8.9,1.7,0.0,10.6,20032004
12,Mats Sundin,32,TOR,C,55,5.24,0,4,4,1,4,31,44,75,11.0,,,,,,7.2,2.0,0.0,9.2,20032004
13,Andrew Raycroft,23,BOS,G,43,4.1,0,1,5,3,2,0,2,2,0.0,29.0,18.0,9.0,2.05,0.926,0.0,0.0,12.6,12.6,20032004
14,Patrik Elias,27,NJD,LW,37,3.52,0,1,3,4,3,38,43,81,26.0,,,,,,8.8,3.0,0.0,11.8,20032004
14,Joe Thornton,24,BOS,C,37,3.52,1,2,1,2,2,23,50,73,18.0,,,,,,6.3,2.5,0.0,8.8,20032004
16,Chris Pronger,29,STL,D,29,2.76,0,2,1,2,4,14,40,54,-1.0,,,,,,5.1,5.7,0.0,10.8,20032004
17,Daniel Alfredsson,31,OTT,RW,22,2.1,0,1,1,3,1,32,48,80,12.0,,,,,,8.6,1.9,0.0,10.4,20032004
18,Marian Hossa,25,OTT,RW,17,1.62,0,0,3,0,2,36,46,82,4.0,,,,,,9.2,1.6,0.0,10.8,20032004
19,Jose Theodore,27,MTL,G,14,1.33,0,1,0,2,1,0,3,3,0.0,33.0,28.0,5.0,2.27,0.919,0.0,0.0,13.2,13.2,20032004
20,Pavel Datsyuk,25,DET,C,10,0.95,0,0,0,3,1,30,38,68,-2.0,,,,,,7.2,1.2,0.0,8.4,20032004
21,Patrick Marleau,24,SJS,C,6,0.57,0,0,1,0,1,28,29,57,-5.0,,,,,,5.4,1.3,0.0,6.8,20032004
22,Brad Richards,23,TBL,C,5,0.48,0,0,1,0,0,26,53,79,14.0,,,,,,7.1,2.2,0.0,9.3,20032004
23,Evgeni Nabokov,28,SJS,G,4,0.38,0,0,0,1,1,0,0,0,0.0,31.0,19.0,8.0,2.21,0.921,0.0,0.0,11.8,11.8,20032004
23,Robert Lang,33,TOT,C,4,0.38,0,0,0,1,1,30,49,79,4.0,,,,,,8.1,1.9,0.0,10.0,20032004
25,Zdeno Chara,26,OTT,D,3,0.29,0,0,0,1,0,16,25,41,33.0,,,,,,4.3,6.1,0.0,10.3,20032004
25,Mark Recchi,35,PHI,LW,3,0.29,0,0,0,1,0,26,49,75,18.0,,,,,,7.2,2.2,0.0,9.4,20032004
25,Rick Nash,19,CBJ,LW,3,0.29,0,0,0,0,3,41,16,57,-35.0,,,,,,7.1,0.6,0.0,7.7,20032004
28,Kris Draper,32,DET,C,1,0.1,0,0,0,0,1,24,16,40,22.0,,,,,,3.9,2.1,0.0,6.0,20032004
1,Joe Thornton,26,TOT,C,1058,82.02,67,48,9,1,4,29,96,125,31.0,,,,,,10.2,3.1,0.0,13.3,20052006
2,Jaromir Jagr,33,NYR,RW,974,75.5,48,49,30,0,1,54,69,123,34.0,,,,,,12.1,3.4,0.0,15.5,20052006
3,Miikka Kiprusoff,29,CGY,G,561,43.49,10,24,45,20,8,0,2,2,0.0,42.0,20.0,11.0,2.07,0.923,0.0,0.0,16.2,16.2,20052006
4,Eric Staal,21,CAR,C,121,9.38,0,0,9,18,22,45,55,100,-8.0,,,,,,9.8,1.3,0.0,11.1,20052006
5,Daniel Alfredsson,33,OTT,RW,119,9.22,0,2,6,20,15,43,60,103,29.0,,,,,,9.7,2.6,0.0,12.3,20052006
6,Alex Ovechkin,20,WSH,LW,109,8.45,1,0,8,14,17,52,54,106,2.0,,,,,,11.0,1.6,0.0,12.7,20052006
7,Nicklas Lidstrom,35,DET,D,106,8.22,1,2,7,12,11,16,64,80,21.0,,,,,,6.8,6.1,0.0,12.9,20052006
8,Scott Niedermayer,32,MDA,D,66,5.12,1,0,2,13,7,13,50,63,8.0,,,,,,5.0,5.0,0.0,10.0,20052006
9,Henrik Lundqvist,23,NYR,G,46,3.57,0,2,4,2,6,0,2,2,0.0,30.0,12.0,9.0,2.24,0.922,0.0,0.0,12.2,12.2,20052006
10,Rod Brind'Amour,35,CAR,C,33,2.56,0,1,3,3,2,31,39,70,8.0,,,,,,4.5,2.2,0.0,6.8,20052006
10,Dany Heatley,25,OTT,LW,33,2.56,0,0,3,4,6,50,53,103,29.0,,,,,,10.2,2.7,0.0,12.9,20052006
12,Martin Brodeur,33,NJD,G,22,1.71,0,0,0,6,4,0,3,3,0.0,43.0,23.0,7.0,2.57,0.911,0.0,0.0,14.9,14.9,20052006
13,Brian Gionta,27,NJD,RW,18,1.4,0,0,1,2,7,48,41,89,18.0,,,,,,8.5,2.9,0.0,11.4,20052006
13,Teemu Selanne,35,MDA,RW,18,1.4,0,0,0,5,3,40,50,90,28.0,,,,,,8.7,2.7,0.0,11.4,20052006
15,Jonathan Cheechoo,25,SJS,RW,16,1.24,0,1,0,2,3,56,37,93,23.0,,,,,,10.0,2.7,0.0,12.7,20052006
16,Tomas Vokoun,29,NSH,G,13,1.01,1,0,0,0,3,0,2,2,0.0,36.0,18.0,7.0,2.67,0.919,0.0,0.0,15.8,15.8,20052006
17,Peter Forsberg,32,PHI,C,11,0.85,0,0,1,2,0,19,56,75,21.0,,,,,,6.1,1.8,0.0,8.0,20052006
18,Marty Turco,30,DAL,G,5,0.39,0,0,1,0,0,0,2,2,0.0,41.0,19.0,5.0,2.55,0.898,0.0,0.0,9.2,9.2,20052006
19,Zdeno Chara,28,OTT,D,4,0.31,0,0,0,1,1,16,27,43,17.0,,,,,,3.6,4.5,0.0,8.1,20052006
19,Mike Modano,35,DAL,C,4,0.31,0,0,0,1,1,27,50,77,23.0,,,,,,5.6,2.8,0.0,8.4,20052006
21,Pavel Datsyuk,27,DET,C,3,0.23,0,0,0,1,0,28,59,87,26.0,,,,,,7.4,2.4,0.0,9.8,20052006
21,Simon Gagne,25,PHI,LW,3,0.23,0,0,0,1,0,47,32,79,31.0,,,,,,8.3,2.5,0.0,10.8,20052006
21,Ryan Miller,25,BUF,G,3,0.23,0,0,0,1,0,0,2,2,0.0,30.0,14.0,3.0,2.6,0.914,0.0,0.0,10.6,10.6,20052006
24,Sidney Crosby,18,PIT,C,2,0.16,0,0,0,0,2,39,63,102,-1.0,,,,,,8.9,1.6,0.0,10.5,20052006
24,Ilya Kovalchuk,22,ATL,LW,2,0.16,0,0,0,0,2,52,46,98,-6.0,,,,,,9.8,1.4,0.0,11.2,20052006
26,Paul Kariya,31,NSH,LW,1,0.08,0,0,0,0,1,31,54,85,-6.0,,,,,,6.8,1.5,0.0,8.4,20052006
26,Chris Pronger,31,EDM,D,1,0.08,0,0,0,0,1,12,44,56,2.0,,,,,,4.0,5.6,0.0,9.6,20052006
26,Brad Richards,25,TBL,C,1,0.08,0,0,0,0,1,23,68,91,0.0,,,,,,5.6,2.4,0.0,8.0,20052006
26,Marek Svatos,23,COL,RW,1,0.08,0,0,0,0,1,32,18,50,0.0,,,,,,5.6,0.9,0.0,6.4,20052006
1,Sidney Crosby,19,PIT,C,1225,85.66,91,34,14,2,1,36,84,120,10.0,,,,,,11.3,2.0,0.0,13.3,20062007
2,Roberto Luongo,27,VAN,G,801,56.01,25,46,35,16,6,0,2,2,0.0,47.0,22.0,6.0,2.28,0.921,0.0,0.0,17.1,17.1,20062007
3,Martin Brodeur,34,NJD,G,763,53.36,21,45,39,12,7,0,1,1,0.0,48.0,23.0,7.0,2.18,0.922,0.0,0.0,17.3,17.3,20062007
4,Vincent Lecavalier,26,TBL,C,362,25.31,5,6,22,48,16,52,56,108,2.0,,,,,,11.2,2.2,0.0,13.4,20062007
5,Joe Thornton,27,SJS,C,230,16.08,0,8,11,27,38,22,92,114,24.0,,,,,,9.0,3.2,0.0,12.2,20062007
6,Nicklas Lidstrom,36,DET,D,53,3.71,1,1,3,4,9,13,49,62,40.0,,,,,,5.3,7.9,0.0,13.1,20062007
7,Scott Niedermayer,33,ANA,D,45,3.15,0,1,3,4,11,15,54,69,6.0,,,,,,6.1,5.6,0.0,11.7,20062007
8,Joe Sakic,37,COL,C,44,3.08,0,0,4,5,9,36,64,100,2.0,,,,,,9.1,1.7,0.0,10.8,20062007
9,Teemu Selanne,36,ANA,RW,36,2.52,0,0,2,6,8,48,46,94,26.0,,,,,,10.3,2.7,0.0,13.0,20062007
10,Marian Hossa,28,ATL,RW,35,2.45,0,0,3,4,8,43,57,100,18.0,,,,,,9.9,2.5,0.0,12.4,20062007
11,Daniel Briere,29,BUF,C,33,2.31,0,2,0,5,4,32,63,95,17.0,,,,,,8.4,1.6,0.0,10.0,20062007
12,Dany Heatley,26,OTT,RW,28,1.96,0,0,2,3,9,50,55,105,31.0,,,,,,10.8,2.6,0.0,13.4,20062007
13,Chris Drury,30,BUF,C,14,0.98,0,0,1,2,3,37,32,69,1.0,,,,,,6.6,0.9,0.0,7.5,20062007
14,Martin St. Louis,31,TBL,RW,12,0.84,0,0,1,2,1,43,59,102,7.0,,,,,,9.2,2.6,0.0,11.8,20062007
15,Jarome Iginla,29,CGY,RW,10,0.7,0,0,0,2,4,39,55,94,12.0,,,,,,9.2,1.9,0.0,11.1,20062007
16,Paul Kariya,32,NSH,LW,5,0.35,0,0,1,0,0,24,52,76,6.0,,,,,,5.4,1.8,0.0,7.2,20062007
16,Daniel Alfredsson,34,OTT,RW,5,0.35,0,0,1,0,0,29,58,87,42.0,,,,,,7.0,3.0,0.0,10.0,20062007
16,Brendan Shanahan,38,NYR,LW,5,0.35,0,0,1,0,0,29,33,62,2.0,,,,,,5.5,1.7,0.0,7.2,20062007
19,Jaromir Jagr,34,NYR,RW,3,0.21,0,0,0,1,0,30,66,96,26.0,,,,,,7.8,3.2,0.0,11.0,20062007
20,Marian Gaborik,24,MIN,RW,2,0.14,0,0,0,0,2,30,27,57,12.0,,,,,,6.3,1.8,0.0,8.1,20062007
20,Ryan Miller,26,BUF,G,2,0.14,0,0,0,0,2,0,2,2,0.0,40.0,16.0,6.0,2.73,0.911,0.0,0.0,12.7,12.7,20062007
22,Dominik Hasek,42,DET,G,1,0.07,0,0,0,0,1,0,2,2,0.0,38.0,11.0,6.0,2.05,0.913,0.0,0.0,9.1,9.1,20062007
22,Henrik Lundqvist,24,NYR,G,1,0.07,0,0,0,0,1,0,0,0,0.0,37.0,22.0,8.0,2.34,0.917,0.0,0.0,14.3,14.3,20062007
22,Thomas Vanek,23,BUF,LW,1,0.07,0,0,0,0,1,43,41,84,47.0,,,,,,8.9,2.7,0.0,11.6,20062007
22,Alex Ovechkin,21,WSH,LW,1,0.07,0,0,0,0,1,46,46,92,-19.0,,,,,,9.6,0.9,0.0,10.5,20062007
22,Chris Pronger,32,ANA,D,1,0.07,0,0,0,0,1,13,46,59,27.0,,,,,,5.3,6.4,0.0,11.7,20062007
1,Alex Ovechkin,22,WSH,LW,1313,97.99,128,4,1,0,0,65,47,112,28.0,,,,,,14.1,3.1,0.0,17.2,20072008
2,Evgeni Malkin,21,PIT,C,659,49.18,1,66,27,13,13,47,59,106,16.0,,,,,,11.5,2.4,0.0,13.9,20072008
3,Jarome Iginla,30,CGY,RW,565,42.16,2,41,33,26,15,50,48,98,27.0,,,,,,11.3,2.9,0.0,14.2,20072008
4,Nicklas Lidstrom,37,DET,D,246,18.36,2,7,17,24,20,10,60,70,40.0,,,,,,6.4,8.1,0.0,14.4,20072008
5,Martin Brodeur,35,NJD,G,239,17.84,1,8,19,21,15,0,4,4,0.0,44.0,27.0,6.0,2.17,0.92,0.0,0.0,15.5,15.5,20072008
6,Joe Thornton,28,SJS,C,157,11.72,0,3,16,14,14,29,67,96,18.0,,,,,,8.6,3.3,0.0,11.9,20072008
7,Evgeni Nabokov,32,SJS,G,109,8.13,0,1,12,9,15,0,2,2,0.0,46.0,21.0,8.0,2.14,0.91,0.0,0.0,11.2,11.2,20072008
8,Alex Kovalev,34,MTL,RW,94,7.01,0,1,5,15,17,35,49,84,18.0,,,,,,8.4,2.4,0.0,10.8,20072008
9,Pavel Datsyuk,29,DET,C,43,3.21,0,1,2,7,5,31,66,97,41.0,,,,,,8.8,3.7,0.0,12.6,20072008
10,Henrik Zetterberg,27,DET,LW,17,1.27,0,0,2,1,4,43,49,92,30.0,,,,,,9.9,3.2,0.0,13.0,20072008
11,Marian Gaborik,25,MIN,RW,9,0.67,0,0,0,2,3,42,41,83,17.0,,,,,,9.2,2.5,0.0,11.6,20072008
12,Roberto Luongo,28,VAN,G,7,0.52,0,1,0,0,0,0,3,3,0.0,35.0,29.0,9.0,2.38,0.917,0.0,0.0,14.4,14.4,20072008
12,Dion Phaneuf,22,CGY,D,7,0.52,0,1,0,0,0,17,43,60,12.0,,,,,,6.1,5.1,0.0,11.2,20072008
14,Zdeno Chara,30,BOS,D,4,0.3,0,0,0,1,1,17,34,51,14.0,,,,,,5.1,5.4,0.0,10.5,20072008
14,Ilya Kovalchuk,24,ATL,LW,4,0.3,0,0,0,1,1,52,35,87,-12.0,,,,,,10.7,1.3,0.0,12.0,20072008
16,Daniel Alfredsson,35,OTT,RW,3,0.22,0,0,0,0,3,40,49,89,15.0,,,,,,9.7,1.8,0.0,11.5,20072008
17,Sidney Crosby,20,PIT,C,2,0.15,0,0,0,0,2,24,48,72,18.0,,,,,,7.2,1.9,0.0,9.0,20072008
17,Sergei Gonchar,33,PIT,D,2,0.15,0,0,0,0,2,12,53,65,13.0,,,,,,6.0,5.2,0.0,11.1,20072008
17,Vincent Lecavalier,27,TBL,C,2,0.15,0,0,0,0,2,40,52,92,-17.0,,,,,,9.1,1.6,0.0,10.7,20072008
17,Scott Niedermayer,34,ANA,D,2,0.15,0,0,0,0,2,8,17,25,-2.0,,,,,,2.3,2.7,0.0,5.0,20072008
1,Alex Ovechkin,23,WSH,LW,1264,95.04,115,14,2,2,0,56,54,110,8.0,,,,,,12.5,2.0,0.0,14.5,20082009
2,Evgeni Malkin,22,PIT,C,787,59.17,12,71,27,9,8,35,78,113,17.0,,,,,,10.2,2.4,0.0,12.6,20082009
3,Pavel Datsyuk,30,DET,C,404,30.38,4,14,38,19,19,32,65,97,34.0,,,,,,8.9,2.6,0.0,11.5,20082009
4,Steve Mason,20,CBJ,G,266,20.0,0,13,21,18,16,0,0,0,0.0,33.0,20.0,7.0,2.29,0.916,0.0,0.0,11.2,11.2,20082009
5,Zach Parise,24,NJD,LW,257,19.32,0,5,20,31,29,45,49,94,30.0,,,,,,9.9,2.9,0.0,12.8,20082009
6,Sidney Crosby,21,PIT,C,103,7.74,0,3,5,13,18,33,70,103,3.0,,,,,,9.4,1.7,0.0,11.1,20082009
7,Tim Thomas,34,BOS,G,100,7.52,0,3,9,7,13,0,1,1,0.0,36.0,11.0,7.0,2.1,0.933,0.0,0.0,14.7,14.7,20082009
8,Zdeno Chara,31,BOS,D,79,5.94,2,3,2,8,4,19,31,50,23.0,,,,,,4.8,5.7,0.0,10.5,20082009
9,Joe Thornton,29,SJS,C,27,2.03,0,2,1,2,2,25,61,86,16.0,,,,,,6.8,2.7,0.0,9.5,20082009
10,Roberto Luongo,29,VAN,G,19,1.43,0,2,0,1,2,0,1,1,0.0,33.0,13.0,7.0,2.34,0.92,0.0,0.0,11.1,11.1,20082009
10,Jeff Carter,24,PHI,C,19,1.43,0,1,0,2,6,46,38,84,23.0,,,,,,9.2,2.5,0.0,11.7,20082009
10,Jarome Iginla,31,CGY,RW,19,1.43,0,0,2,2,3,35,54,89,-2.0,,,,,,7.8,1.7,0.0,9.5,20082009
13,Rick Nash,24,CBJ,LW,13,0.98,0,0,1,2,2,40,39,79,11.0,,,,,,7.9,2.2,0.0,10.1,20082009
13,Mike Green,23,WSH,D,13,0.98,0,0,2,1,0,31,42,73,24.0,,,,,,9.0,4.9,0.0,13.9,20082009
15,Ryan Getzlaf,23,ANA,C,11,0.83,0,0,1,2,0,25,66,91,5.0,,,,,,7.3,1.9,0.0,9.2,20082009
16,Evgeni Nabokov,33,SJS,G,8,0.6,0,0,1,1,0,0,1,1,0.0,41.0,12.0,8.0,2.44,0.91,0.0,0.0,10.2,10.2,20082009
17,Nicklas Lidstrom,38,DET,D,7,0.53,0,0,1,0,0,16,43,59,31.0,,,,,,5.5,5.7,0.0,11.2,20082009
17,Patrick Marleau,29,SJS,LW,7,0.53,0,0,0,2,1,38,33,71,16.0,,,,,,6.5,2.7,0.0,9.2,20082009
17,Cam Ward,24,CAR,G,7,0.53,0,0,0,2,1,0,1,1,0.0,39.0,23.0,5.0,2.44,0.916,0.0,0.0,12.9,12.9,20082009
20,Miikka Kiprusoff,32,CGY,G,6,0.45,0,0,0,2,0,0,3,3,0.0,45.0,24.0,5.0,2.84,0.903,0.0,0.0,11.5,11.5,20082009
20,Henrik Zetterberg,28,DET,C,6,0.45,0,0,0,1,3,31,42,73,13.0,,,,,,6.4,1.7,0.0,8.1,20082009
22,Chris Mason,32,STL,G,4,0.3,0,0,0,1,1,0,1,1,0.0,27.0,21.0,7.0,2.41,0.916,0.0,0.0,10.6,10.6,20082009
22,Eric Staal,24,CAR,C,4,0.3,0,0,0,1,1,40,35,75,15.0,,,,,,7.1,2.7,0.0,9.8,20082009
24,Dan Boyle,32,SJS,D,3,0.23,0,0,0,1,0,16,41,57,6.0,,,,,,5.2,5.3,0.0,10.6,20082009
24,Marian Hossa,30,DET,RW,3,0.23,0,0,0,1,0,40,31,71,27.0,,,,,,7.7,2.1,0.0,9.9,20082009
26,Mike Richards,23,PHI,C,1,0.08,0,0,0,0,1,30,50,80,22.0,,,,,,7.0,2.4,0.0,9.4,20082009
26,Marc Savard,31,BOS,C,1,0.08,0,0,0,0,1,25,63,88,25.0,,,,,,7.3,2.5,0.0,9.8,20082009
1,Henrik Sedin,29,VAN,C,894,67.22,46,34,27,19,4,29,83,112,35.0,,,,,,10.6,2.9,0.0,13.5,20092010
2,Alex Ovechkin,24,WSH,LW,834,62.71,40,35,22,22,13,50,59,109,45.0,,,,,,13.0,2.5,0.0,15.6,20092010
3,Sidney Crosby,22,PIT,C,729,54.81,20,35,38,29,7,51,58,109,15.0,,,,,,12.2,2.4,0.0,14.7,20092010
4,Ryan Miller,29,BUF,G,505,37.97,13,22,24,27,20,0,0,0,0.0,41.0,18.0,8.0,2.22,0.929,0.0,0.0,16.8,16.8,20092010
5,Ilya Bryzgalov,29,PHX,G,354,26.62,13,6,17,22,31,0,1,1,0.0,42.0,20.0,6.0,2.29,0.92,0.0,0.0,13.9,13.9,20092010
6,Steven Stamkos,19,TBL,C,28,2.11,0,0,2,3,9,51,44,95,-2.0,,,,,,10.9,1.9,0.0,12.8,20092010
7,Patrick Kane,21,CHI,RW,17,1.28,0,1,0,2,4,30,58,88,16.0,,,,,,8.1,2.2,0.0,10.3,20092010
8,Martin Brodeur,37,NJD,G,16,1.2,0,0,2,0,6,0,3,3,0.0,45.0,25.0,6.0,2.24,0.916,0.0,0.0,13.2,13.2,20092010
9,Craig Anderson,28,COL,G,10,0.75,1,0,0,0,0,0,3,3,0.0,38.0,25.0,7.0,2.63,0.917,0.0,0.0,14.8,14.8,20092010
9,Patrick Marleau,30,SJS,C,10,0.75,0,0,0,3,1,44,39,83,21.0,,,,,,8.8,2.6,0.0,11.4,20092010
9,Nicklas Backstrom,22,WSH,C,10,0.75,0,0,0,2,4,33,68,101,37.0,,,,,,10.0,2.2,0.0,12.2,20092010
12,Joe Thornton,30,SJS,C,9,0.68,0,0,0,1,6,20,69,89,17.0,,,,,,7.3,2.2,0.0,9.6,20092010
13,Zach Parise,25,NJD,C,7,0.53,0,0,1,0,2,38,44,82,24.0,,,,,,8.4,3.1,0.0,11.5,20092010
14,Mike Green,24,WSH,D,5,0.38,0,0,0,1,2,19,57,76,39.0,,,,,,8.2,4.8,0.0,13.0,20092010
15,Zdeno Chara,32,BOS,D,3,0.23,0,0,0,1,0,7,37,44,19.0,,,,,,3.1,7.2,0.0,10.2,20092010
15,Duncan Keith,26,CHI,D,3,0.23,0,0,0,0,3,14,55,69,21.0,,,,,,6.3,6.2,0.0,12.6,20092010
17,Drew Doughty,20,LAK,D,2,0.15,0,0,0,0,2,16,43,59,20.0,,,,,,5.6,6.2,0.0,11.9,20092010
17,Marian Gaborik,27,NYR,RW,2,0.15,0,0,0,0,2,42,44,86,15.0,,,,,,9.4,2.6,0.0,12.1,20092010
17,Anze Kopitar,22,LAK,C,2,0.15,0,0,0,0,2,34,47,81,6.0,,,,,,7.2,2.2,0.0,9.5,20092010
17,Nicklas Lidstrom,39,DET,D,2,0.15,0,0,0,0,2,9,40,49,22.0,,,,,,3.8,6.9,0.0,10.7,20092010
17,Tuukka Rask,22,BOS,G,2,0.15,0,0,0,0,2,0,3,3,0.0,22.0,12.0,5.0,1.97,0.931,0.0,0.0,10.2,10.2,20092010
17,Martin St. Louis,34,TBL,RW,2,0.15,0,0,0,0,2,29,65,94,-8.0,,,,,,8.1,1.8,0.0,9.9,20092010
23,Henrik Lundqvist,27,NYR,G,1,0.08,0,0,0,0,1,0,1,1,0.0,35.0,27.0,10.0,2.38,0.921,0.0,0.0,15.0,15.0,20092010
23,Evgeni Nabokov,34,SJS,G,1,0.08,0,0,0,0,1,0,0,0,0.0,44.0,16.0,10.0,2.43,0.922,0.0,0.0,15.6,15.6,20092010
23,Chris Pronger,35,PHI,D,1,0.08,0,0,0,0,1,10,45,55,22.0,,,,,,4.6,6.8,0.0,11.4,20092010
23,Paul Stastny,24,COL,C,1,0.08,0,0,0,0,1,20,59,79,2.0,,,,,,5.6,1.8,0.0,7.4,20092010
23,Tomas Vokoun,33,FLA,G,1,0.08,0,0,0,0,1,0,2,2,0.0,23.0,28.0,11.0,2.55,0.925,0.0,0.0,15.7,15.7,20092010
23,Shea Weber,24,NSH,D,1,0.08,0,0,0,0,1,16,27,43,0.0,,,,,,4.3,3.9,0.0,8.2,20092010
23,Henrik Zetterberg,29,DET,LW,1,0.08,0,0,0,0,1,23,47,70,12.0,,,,,,5.8,2.4,0.0,8.2,20092010
1,Corey Perry,25,ANA,RW,1043,82.78,67,47,8,1,1,50,48,98,9.0,,,,,,10.8,2.5,0.0,13.3,20102011
2,Daniel Sedin,30,VAN,LW,960,76.19,51,56,9,4,1,41,63,104,30.0,,,,,,11.5,2.8,0.0,14.3,20102011
3,Martin St. Louis,35,TBL,RW,332,26.35,1,6,36,28,16,31,68,99,0.0,,,,,,9.3,2.0,0.0,11.3,20102011
4,Pekka Rinne,28,NSH,G,175,13.89,1,2,17,17,15,0,0,0,0.0,33.0,22.0,9.0,2.12,0.93,0.0,0.0,15.1,15.1,20102011
5,Tim Thomas,36,BOS,G,171,13.57,1,5,15,12,15,0,3,3,0.0,35.0,11.0,9.0,2.0,0.938,0.0,0.0,16.2,16.2,20102011
6,Jonathan Toews,22,CHI,C,107,8.49,0,2,7,15,13,32,44,76,25.0,,,,,,7.1,2.7,0.0,9.8,20102011
7,Carey Price,23,MTL,G,90,7.14,2,0,10,4,8,0,2,2,0.0,38.0,28.0,6.0,2.35,0.923,0.0,0.0,15.4,15.4,20102011
8,Ryan Kesler,26,VAN,C,69,5.48,1,3,4,5,3,41,32,73,24.0,,,,,,7.6,2.7,0.0,10.4,20102011
9,Marc-Andre Fleury,26,PIT,G,58,4.6,1,3,1,6,4,0,1,1,0.0,36.0,20.0,5.0,2.32,0.918,0.0,0.0,11.4,11.4,20102011
10,Henrik Sedin,30,VAN,C,57,4.52,0,1,3,8,4,19,75,94,26.0,,,,,,7.8,2.7,0.0,10.5,20102011
11,Steven Stamkos,20,TBL,C,41,3.25,0,0,2,9,4,45,46,91,3.0,,,,,,10.1,2.0,0.0,12.2,20102011
12,Jarome Iginla,33,CGY,RW,31,2.46,0,1,1,4,7,43,43,86,0.0,,,,,,9.2,1.8,0.0,11.0,20102011
13,Zdeno Chara,33,BOS,D,23,1.83,0,0,2,4,1,14,30,44,33.0,,,,,,4.0,6.0,0.0,10.0,20102011
14,Alex Ovechkin,25,WSH,LW,19,1.51,0,0,0,4,7,32,53,85,24.0,,,,,,8.1,3.0,0.0,11.1,20102011
14,Henrik Lundqvist,28,NYR,G,19,1.51,0,0,1,2,8,0,4,4,0.0,36.0,27.0,5.0,2.28,0.923,0.0,0.0,14.0,14.0,20102011
16,Henrik Zetterberg,30,DET,LW,16,1.27,0,0,2,1,3,24,56,80,-1.0,,,,,,6.8,1.4,0.0,8.2,20102011
17,Roberto Luongo,31,VAN,G,15,1.19,1,0,1,0,0,0,3,3,0.0,38.0,15.0,7.0,2.11,0.928,0.0,0.0,13.6,13.6,20102011
18,Ilya Bryzgalov,30,PHX,G,13,1.03,0,0,2,0,3,0,0,0,0.0,36.0,20.0,10.0,2.48,0.921,0.0,0.0,14.7,14.7,20102011
19,Nicklas Lidstrom,40,DET,D,11,0.87,0,0,2,0,1,16,46,62,-2.0,,,,,,6.2,3.3,0.0,9.5,20102011
20,Sidney Crosby,23,PIT,C,5,0.4,0,0,1,0,0,32,34,66,20.0,,,,,,8.2,1.9,0.0,10.1,20102011
20,Ryan Getzlaf,25,ANA,C,5,0.4,0,0,1,0,0,19,57,76,14.0,,,,,,6.1,2.3,0.0,8.4,20102011
20,Kris Letang,23,PIT,D,5,0.4,0,0,1,0,0,8,42,50,15.0,,,,,,4.1,5.7,0.0,9.8,20102011
23,Chris Pronger,36,PHI,D,3,0.24,0,0,0,1,0,4,21,25,7.0,,,,,,1.9,2.3,0.0,4.2,20102011
23,Lubomir Visnovsky,34,ANA,D,3,0.24,0,0,0,1,0,18,50,68,18.0,,,,,,7.0,5.8,0.0,12.8,20102011
25,Shea Weber,25,NSH,D,2,0.16,0,0,0,0,2,16,32,48,7.0,,,,,,4.6,5.5,0.0,10.1,20102011
26,Patrick Marleau,31,SJS,C,1,0.08,0,0,0,0,1,37,36,73,-3.0,,,,,,7.1,1.7,0.0,8.8,20102011
26,Ryan Miller,30,BUF,G,1,0.08,0,0,0,0,1,0,2,2,0.0,34.0,22.0,8.0,2.59,0.916,0.0,0.0,12.4,12.4,20102011
26,Keith Yandle,24,PHX,D,1,0.08,0,0,0,0,1,11,48,59,12.0,,,,,,5.4,4.5,0.0,9.9,20102011
1,Evgeni Malkin,25,PIT,C,1473,98.86,144,4,1,0,0,50,59,109,18.0,,,,,,13.4,2.3,0.0,15.7,20112012
2,Steven Stamkos,21,TBL,C,598,40.13,1,54,24,24,18,60,37,97,7.0,,,,,,12.8,1.9,0.0,14.6,20112012
3,Henrik Lundqvist,29,NYR,G,556,37.32,3,35,36,28,17,0,2,2,0.0,39.0,18.0,5.0,1.97,0.93,0.0,0.0,14.1,14.1,20112012
4,Claude Giroux,24,PHI,RW,458,30.74,0,25,34,28,29,28,65,93,6.0,,,,,,8.9,1.6,0.0,10.6,20112012
5,Jonathan Quick,26,LAK,G,357,23.96,1,22,23,19,21,0,2,2,0.0,35.0,21.0,13.0,1.95,0.929,0.0,0.0,14.7,14.7,20112012
6,Jason Spezza,28,OTT,C,134,8.99,0,2,14,11,17,34,50,84,11.0,,,,,,8.8,1.7,0.0,10.5,20112012
7,Pekka Rinne,29,NSH,G,64,4.3,0,4,2,6,8,0,5,5,0.0,43.0,18.0,8.0,2.39,0.923,0.0,0.0,15.5,15.5,20112012
8,Erik Karlsson,21,OTT,D,52,3.49,0,0,4,7,11,19,59,78,16.0,,,,,,8.6,4.5,0.0,13.1,20112012
9,Henrik Sedin,31,VAN,C,40,2.68,0,2,2,5,1,14,67,81,23.0,,,,,,6.1,2.6,0.0,8.7,20112012
10,Ilya Kovalchuk,28,NJD,LW,38,2.55,0,1,2,5,6,37,46,83,-9.0,,,,,,8.2,2.3,0.0,10.5,20112012
11,Mike Smith,29,PHX,G,16,1.07,0,0,0,4,4,0,2,2,0.0,38.0,18.0,10.0,2.21,0.93,0.0,0.0,16.7,16.7,20112012
12,Zdeno Chara,34,BOS,D,15,1.01,0,0,1,3,1,12,40,52,33.0,,,,,,5.1,5.9,0.0,10.9,20112012
13,Shea Weber,26,NSH,D,12,0.81,0,0,1,2,1,19,30,49,21.0,,,,,,5.2,6.2,0.0,11.4,20112012
14,Pavel Datsyuk,33,DET,C,11,0.74,0,0,1,1,3,19,48,67,21.0,,,,,,5.7,2.2,0.0,7.9,20112012
15,Brian Elliott,26,STL,G,10,0.67,0,0,1,1,2,0,0,0,0.0,23.0,10.0,4.0,1.56,0.94,0.0,0.0,9.0,9.0,20112012
16,Ray Whitney,39,PHX,LW,8,0.54,0,0,1,1,0,24,53,77,26.0,,,,,,6.9,2.8,0.0,9.7,20112012
16,Marian Gaborik,29,NYR,RW,8,0.54,0,0,1,0,3,41,35,76,15.0,,,,,,8.6,2.6,0.0,11.2,20112012
18,Patrice Bergeron,26,BOS,C,7,0.47,0,0,0,2,1,22,42,64,36.0,,,,,,5.7,2.7,0.0,8.3,20112012
19,David Backes,27,STL,RW,6,0.4,0,0,1,0,1,24,30,54,15.0,,,,,,4.2,2.8,0.0,7.0,20112012
20,Brian Campbell,32,FLA,D,3,0.2,0,0,0,1,0,4,49,53,-9.0,,,,,,3.8,4.6,0.0,8.4,20112012
20,Radim Vrbata,30,PHX,RW,3,0.2,0,0,0,1,0,35,27,62,24.0,,,,,,6.8,2.6,0.0,9.3,20112012
22,Jamie Benn,22,DAL,LW,2,0.13,0,0,0,0,2,26,37,63,15.0,,,,,,6.2,2.0,0.0,8.2,20112012
22,James Neal,24,PIT,LW,2,0.13,0,0,0,0,2,40,41,81,6.0,,,,,,9.3,1.7,0.0,11.0,20112012
24,Marian Hossa,33,CHI,RW,1,0.07,0,0,0,0,1,29,48,77,18.0,,,,,,7.3,2.1,0.0,9.4,20112012
1,Alex Ovechkin,27,WSH,RW,1090,60.89,50,43,40,27,8,32,24,56,2.0,,,,,,7.0,1.0,0.0,8.0,20122013
2,Sidney Crosby,25,PIT,C,1058,59.11,46,42,41,29,12,15,41,56,26.0,,,,,,5.8,1.7,0.0,7.5,20122013
3,John Tavares,22,NYI,C,919,51.34,38,38,33,29,21,28,19,47,-2.0,,,,,,5.6,1.0,0.0,6.6,20122013
4,Jonathan Toews,24,CHI,C,886,49.5,39,35,29,29,19,23,25,48,28.0,,,,,,5.6,2.0,0.0,7.6,20122013
5,Sergei Bobrovsky,24,CBJ,G,311,17.37,4,12,13,25,47,0,0,0,0.0,21.0,11.0,6.0,2.0,0.932,0.0,0.0,9.2,9.2,20122013
6,Patrick Kane,24,CHI,RW,157,8.77,2,6,9,14,8,23,32,55,11.0,,,,,,6.3,1.3,0.0,7.6,20122013
7,Ryan Getzlaf,27,ANA,C,96,5.36,0,0,8,11,23,15,34,49,14.0,,,,,,4.6,1.5,0.0,6.1,20122013
8,Steven Stamkos,22,TBL,C,28,1.56,0,1,2,2,5,29,28,57,-4.0,,,,,,6.4,0.7,0.0,7.1,20122013
9,Martin St. Louis,37,TBL,RW,20,1.12,0,1,0,2,7,17,43,60,0.0,,,,,,5.4,0.8,0.0,6.3,20122013
10,Pavel Datsyuk,34,DET,C,18,1.01,0,0,1,2,7,15,34,49,21.0,,,,,,4.5,2.1,0.0,6.5,20122013
11,Antti Niemi,29,SJS,G,11,0.61,0,0,0,1,8,0,1,1,0.0,24.0,12.0,6.0,2.16,0.924,0.0,0.0,9.2,9.2,20122013
12,Craig Anderson,31,OTT,G,10,0.56,0,1,0,1,0,0,0,0,0.0,12.0,9.0,2.0,1.69,0.941,0.0,0.0,6.5,6.5,20122013
13,P.K. Subban,23,MTL,D,10,0.56,0,0,1,1,2,11,27,38,12.0,,,,,,4.3,2.9,0.0,7.1,20122013
14,Henrik Sedin,32,VAN,C,5,0.28,0,0,1,0,0,11,34,45,19.0,,,,,,3.8,1.9,0.0,5.6,20122013
14,Evgeni Nabokov,37,NYI,G,5,0.28,0,0,1,0,0,0,4,4,0.0,23.0,11.0,7.0,2.5,0.91,0.0,0.0,6.7,6.7,20122013
16,Chris Kunitz,33,PIT,LW,5,0.28,0,0,0,1,2,22,30,52,30.0,,,,,,5.8,2.0,0.0,7.8,20122013
17,Niklas Backstrom,34,MIN,G,3,0.17,0,0,0,1,0,0,0,0,0.0,24.0,15.0,3.0,2.48,0.909,0.0,0.0,6.2,6.2,20122013
17,Patrice Bergeron,27,BOS,C,3,0.17,0,0,0,1,0,10,22,32,24.0,,,,,,2.4,1.9,0.0,4.3,20122013
17,Ilya Kovalchuk,29,NJD,LW,3,0.17,0,0,0,1,0,11,20,31,-6.0,,,,,,2.3,1.0,0.0,3.3,20122013
17,Carey Price,25,MTL,G,3,0.17,0,0,0,1,0,0,0,0,0.0,21.0,13.0,4.0,2.59,0.905,0.0,0.0,5.4,5.4,20122013
17,Ryan Suter,28,MIN,D,3,0.17,0,0,0,1,0,4,28,32,2.0,,,,,,2.4,3.6,0.0,6.0,20122013
22,Henrik Zetterberg,32,DET,LW,3,0.17,0,0,0,0,3,11,37,48,2.0,,,,,,3.9,1.2,0.0,5.2,20122013
23,Francois Beauchemin,32,ANA,D,1,0.06,0,0,0,0,1,6,18,24,19.0,,,,,,2.0,3.8,0.0,5.8,20122013
23,Jeff Carter,28,LAK,C,1,0.06,0,0,0,0,1,26,7,33,0.0,,,,,,4.2,1.0,0.0,5.2,20122013
23,Pascal Dupuis,33,PIT,LW,1,0.06,0,0,0,0,1,20,18,38,31.0,,,,,,4.1,2.0,0.0,6.1,20122013
23,Henrik Lundqvist,30,NYR,G,1,0.06,0,0,0,0,1,0,1,1,0.0,24.0,16.0,3.0,2.05,0.926,0.0,0.0,9.3,9.3,20122013
23,Zach Parise,28,MIN,C,1,0.06,0,0,0,0,1,18,20,38,2.0,,,,,,3.4,1.3,0.0,4.8,20122013
23,James Reimer,24,TOR,G,1,0.06,0,0,0,0,1,0,1,1,0.0,19.0,8.0,5.0,2.46,0.924,0.0,0.0,7.5,7.5,20122013
23,Eric Staal,28,CAR,C,1,0.06,0,0,0,0,1,18,35,53,5.0,,,,,,5.2,1.2,0.0,6.4,20122013
1,Sidney Crosby,26,PIT,C,1340,97.81,128,8,1,0,0,36,68,104,18.0,,,,,,10.7,2.8,0.0,13.5,20132014
2,Ryan Getzlaf,28,ANA,C,877,64.01,5,96,28,5,0,31,56,87,28.0,,,,,,8.8,2.4,0.0,11.2,20132014
3,Claude Giroux,26,PHI,C,435,31.75,2,15,42,27,19,28,58,86,7.0,,,,,,8.1,2.1,0.0,10.2,20132014
4,Semyon Varlamov,25,COL,G,256,18.69,1,8,23,22,9,0,3,3,,41.0,14.0,6.0,2.41,0.927,0.0,0.0,15.5,15.5,20132014
5,Patrice Bergeron,28,BOS,C,137,10.0,0,4,9,17,13,30,32,62,38.0,,,,,,6.4,2.8,0.0,9.2,20132014
6,Tyler Seguin,22,DAL,C,84,6.13,0,1,6,12,11,37,47,84,16.0,,,,,,9.3,2.2,0.0,11.6,20132014
7,Joe Pavelski,29,SJS,C,71,5.18,0,0,3,11,23,41,38,79,23.0,,,,,,8.8,2.8,0.0,11.5,20132014
8,Anze Kopitar,26,LAK,C,58,4.23,0,0,4,9,11,29,41,70,34.0,,,,,,6.4,3.7,0.0,10.0,20132014
9,Jonathan Toews,25,CHI,C,53,3.87,0,2,4,4,7,28,40,68,26.0,,,,,,6.4,2.3,0.0,8.7,20132014
10,Ben Bishop,27,TBL,G,52,3.8,0,0,5,6,9,0,2,2,,37.0,14.0,7.0,2.23,0.924,0.0,0.0,12.9,12.9,20132014
11,Tuukka Rask,26,BOS,G,35,2.55,0,1,2,5,3,0,2,2,,36.0,15.0,6.0,2.04,0.93,0.0,0.0,13.1,13.1,20132014
12,Jamie Benn,24,DAL,C,35,2.55,0,1,2,4,6,34,45,79,21.0,,,,,,8.4,2.5,0.0,10.9,20132014
13,Corey Perry,28,ANA,RW,29,2.12,0,0,3,4,2,43,39,82,32.0,,,,,,9.7,2.5,0.0,12.3,20132014
14,Carey Price,26,MTL,G,20,1.46,1,0,1,0,5,0,2,2,,34.0,20.0,5.0,2.32,0.927,0.0,0.0,13.9,13.9,20132014
15,Duncan Keith,30,CHI,D,19,1.39,0,0,1,3,5,6,55,61,22.0,,,,,,5.1,4.9,0.0,10.0,20132014
16,Gustav Nyquist,24,DET,RW,13,0.95,0,1,0,2,0,28,20,48,16.0,,,,,,6.0,1.7,0.0,7.7,20132014
17,Matt Duchene,23,COL,C,11,0.8,0,0,1,1,3,23,47,70,8.0,,,,,,6.6,1.5,0.0,8.1,20132014
18,Alex Steen,29,STL,LW,9,0.66,0,0,1,1,1,33,29,62,17.0,,,,,,6.7,2.3,0.0,9.1,20132014
18,John Tavares,23,NYI,C,9,0.66,0,0,1,1,1,24,42,66,-6.0,,,,,,6.7,1.1,0.0,7.7,20132014
20,Patrick Sharp,32,CHI,LW,7,0.51,0,0,0,2,1,34,44,78,13.0,,,,,,8.2,1.8,0.0,10.0,20132014
21,Shea Weber,28,NSH,D,4,0.29,0,0,0,1,1,23,33,56,-2.0,,,,,,6.2,4.5,0.0,10.8,20132014
22,Joe Thornton,34,SJS,C,3,0.22,0,0,0,0,3,11,65,76,20.0,,,,,,5.3,2.6,0.0,7.9,20132014
23,Jaromir Jagr,41,NJD,RW,1,0.07,0,0,0,0,1,24,43,67,16.0,,,,,,5.8,2.9,0.0,8.7,20132014
23,Patrick Marleau,34,SJS,LW,1,0.07,0,0,0,0,1,33,37,70,0.0,,,,,,6.7,1.8,0.0,8.6,20132014
23,Alex Ovechkin,28,WSH,LW,1,0.07,0,0,0,0,1,51,28,79,-35.0,,,,,,9.9,0.3,0.0,10.2,20132014
23,Ryan Suter,29,MIN,D,1,0.07,0,0,0,0,1,8,35,43,15.0,,,,,,2.6,6.9,0.0,9.5,20132014
1,Carey Price,27,MTL,G,1498,95.41,139,14,2,0,0,0,1,1,0.0,44.0,16.0,6.0,1.96,0.933,0.0,0.0,16.2,16.2,20142015
2,Alex Ovechkin,29,WSH,LW,888,56.56,8,75,45,18,4,53,28,81,10.0,,,,,,10.4,2.2,0.0,12.6,20142015
3,John Tavares,24,NYI,C,739,47.07,4,41,63,27,16,38,48,86,5.0,,,,,,9.5,1.8,0.0,11.2,20142015
4,Devan Dubnyk,28,TOT,G,410,26.11,6,16,25,30,23,0,2,2,0.0,36.0,14.0,4.0,2.07,0.929,0.0,0.0,12.6,12.6,20142015
5,Sidney Crosby,27,PIT,C,138,8.79,0,2,3,25,34,28,56,84,5.0,,,,,,8.2,2.0,0.0,10.3,20142015
6,Ryan Getzlaf,29,ANA,C,124,7.9,0,2,6,20,20,25,45,70,15.0,,,,,,6.5,2.1,0.0,8.6,20142015
7,Rick Nash,30,NYR,LW,70,4.46,0,1,4,9,16,42,27,69,29.0,,,,,,8.9,2.5,0.0,11.4,20142015
8,Pekka Rinne,32,NSH,G,49,3.12,0,2,4,4,3,0,1,1,0.0,41.0,17.0,6.0,2.18,0.923,0.0,0.0,12.6,12.6,20142015
9,Erik Karlsson,24,OTT,D,32,2.04,0,1,1,5,5,21,45,66,7.0,,,,,,7.2,4.7,0.0,11.9,20142015
10,Jonathan Toews,26,CHI,C,31,1.97,0,1,3,2,3,28,38,66,30.0,,,,,,6.2,3.2,0.0,9.4,20142015
11,Steven Stamkos,24,TBL,C,29,1.85,0,1,0,5,7,43,29,72,2.0,,,,,,8.6,1.5,0.0,10.1,20142015
12,Jamie Benn,25,DAL,LW,23,1.46,0,0,0,5,8,35,52,87,1.0,,,,,,9.3,1.5,0.0,10.7,20142015
13,Jiri Hudler,31,CGY,C,16,1.02,0,1,0,3,0,31,45,76,17.0,,,,,,7.9,2.2,0.0,10.2,20142015
14,Vladimir Tarasenko,23,STL,RW,14,0.89,0,0,0,3,5,37,36,73,27.0,,,,,,8.5,2.6,0.0,11.2,20142015
15,Andrew Hammond,26,OTT,G,9,0.57,0,0,0,1,6,0,1,1,0.0,20.0,1.0,2.0,1.79,0.941,0.0,0.0,6.5,6.5,20142015
16,P.K. Subban,25,MTL,D,5,0.32,0,0,1,0,0,15,45,60,21.0,,,,,,5.8,6.6,0.0,12.4,20142015
17,Drew Doughty,25,LAK,D,2,0.13,0,0,0,0,2,7,39,46,3.0,,,,,,3.0,5.6,0.0,8.6,20142015
18,Dustin Byfuglien,29,WPG,D,1,0.06,0,0,0,0,1,18,27,45,5.0,,,,,,5.3,3.5,0.0,8.8,20142015
18,Marc-Andre Fleury,30,PIT,G,1,0.06,0,0,0,0,1,0,1,1,0.0,34.0,20.0,9.0,2.32,0.92,0.0,0.0,12.2,12.2,20142015
18,Braden Holtby,25,WSH,G,1,0.06,0,0,0,0,1,0,2,2,0.0,41.0,20.0,10.0,2.22,0.923,0.0,0.0,14.4,14.4,20142015
18,Zach Parise,30,MIN,LW,1,0.06,0,0,0,0,1,33,29,62,21.0,,,,,,6.9,2.5,0.0,9.4,20142015
18,Shea Weber,29,NSH,D,1,0.06,0,0,0,0,1,15,30,45,15.0,,,,,,4.2,5.4,0.0,9.6,20142015
1,Patrick Kane,27,CHI,RW,1395,93.0,121,22,5,2,0,46,60,106,17.0,,,,,,12.4,2.6,0.0,15.0,20152016
2,Sidney Crosby,28,PIT,C,800,53.33,11,64,31,24,15,36,49,85,19.0,,,,,,9.1,2.4,0.0,11.5,20152016
3,Jamie Benn,26,DAL,LW,637,42.47,8,34,40,34,17,41,48,89,7.0,,,,,,10.3,1.7,0.0,12.1,20152016
4,Braden Holtby,26,WSH,G,292,19.47,5,13,19,13,17,0,1,1,0.0,48.0,9.0,7.0,2.2,0.922,0.0,0.0,12.1,12.1,20152016
5,Joe Thornton,36,SJS,C,267,17.8,0,8,19,31,23,19,63,82,25.0,,,,,,7.1,2.9,0.0,10.0,20152016
6,Alex Ovechkin,30,WSH,LW,212,14.13,2,6,18,13,21,50,21,71,21.0,,,,,,9.1,2.6,0.0,11.7,20152016
7,Jaromir Jagr,43,FLA,RW,60,4.0,1,1,5,4,6,27,39,66,23.0,,,,,,6.9,2.3,0.0,9.2,20152016
8,Anze Kopitar,28,LAK,C,53,3.53,1,0,2,8,9,25,49,74,34.0,,,,,,6.5,3.3,0.0,9.7,20152016
9,Erik Karlsson,25,OTT,D,44,2.93,0,1,4,2,11,16,66,82,-2.0,,,,,,8.4,3.2,0.0,11.7,20152016
10,Ben Bishop,29,TBL,G,42,2.8,1,1,1,4,8,0,1,1,0.0,35.0,21.0,4.0,2.06,0.926,0.0,0.0,12.2,12.2,20152016
11,Drew Doughty,26,LAK,D,29,1.93,0,0,2,5,4,14,37,51,24.0,,,,,,4.5,7.1,0.0,11.6,20152016
12,Vladimir Tarasenko,24,STL,RW,13,0.87,0,0,1,1,5,40,34,74,7.0,,,,,,8.7,2.1,0.0,10.8,20152016
13,John Tavares,25,NYI,C,10,0.67,0,0,0,2,4,33,37,70,6.0,,,,,,7.4,1.9,0.0,9.3,20152016
14,Joe Pavelski,31,SJS,C,8,0.53,0,0,0,2,2,38,40,78,25.0,,,,,,8.4,3.0,0.0,11.5,20152016
15,Roberto Luongo,36,FLA,G,8,0.53,0,0,0,1,5,0,2,2,0.0,35.0,19.0,6.0,2.35,0.922,0.0,0.0,12.1,12.1,20152016
16,Claude Giroux,28,PHI,C,6,0.4,0,0,1,0,1,22,45,67,-8.0,,,,,,5.4,1.5,0.0,6.9,20152016
17,Henrik Lundqvist,33,NYR,G,5,0.33,0,0,1,0,0,0,4,4,0.0,35.0,21.0,7.0,2.48,0.92,0.0,0.0,12.6,12.6,20152016
17,Cory Schneider,29,NJD,G,5,0.33,0,0,1,0,0,0,0,0,0.0,27.0,25.0,6.0,2.15,0.924,0.0,0.0,11.1,11.1,20152016
19,Evgeny Kuznetsov,23,WSH,C,4,0.27,0,0,0,1,1,20,57,77,27.0,,,,,,6.9,2.6,0.0,9.6,20152016
20,Brent Burns,30,SJS,D,3,0.2,0,0,0,1,0,27,48,75,-5.0,,,,,,8.8,4.1,0.0,12.9,20152016
20,Ryan Getzlaf,30,ANA,C,3,0.2,0,0,0,1,0,13,50,63,14.0,,,,,,4.4,2.6,0.0,7.0,20152016
20,Ryan Kesler,31,ANA,C,3,0.2,0,0,0,1,0,21,32,53,5.0,,,,,,4.1,2.3,0.0,6.4,20152016
23,Kris Letang,28,PIT,D,1,0.07,0,0,0,0,1,16,51,67,9.0,,,,,,7.0,4.3,0.0,11.3,20152016
1,Connor McDavid,20,EDM,C,1604,96.05,147,17,3,0,0,30,70,100,27.0,,,,,,9.7,3.0,0.0,12.8,20162017
2,Sidney Crosby,29,PIT,C,1104,66.11,14,119,19,11,3,44,45,89,17.0,,,,,,10.5,1.7,0.0,12.3,20162017
3,Sergei Bobrovsky,28,CBJ,G,469,28.08,4,17,40,29,23,0,0,0,0.0,41.0,17.0,5.0,2.06,0.931,0.0,0.0,14.9,14.9,20162017
4,Brent Burns,31,SJS,D,273,16.35,1,3,25,29,30,29,47,76,19.0,,,,,,8.9,6.4,0.0,15.3,20162017
5,Erik Karlsson,26,OTT,D,258,15.45,0,5,28,23,14,17,54,71,10.0,,,,,,7.2,5.7,0.0,12.9,20162017
6,Patrick Kane,28,CHI,RW,206,12.34,0,3,20,20,25,34,55,89,11.0,,,,,,8.7,2.1,0.0,10.8,20162017
7,Brad Marchand,28,BOS,LW,184,11.02,1,1,14,22,31,39,46,85,18.0,,,,,,9.8,2.8,0.0,12.6,20162017
8,Nikita Kucherov,23,TBL,RW,119,7.13,0,0,11,15,19,40,45,85,13.0,,,,,,9.7,2.2,0.0,12.0,20162017
9,Nicklas Backstrom,29,WSH,C,60,3.59,0,0,3,11,12,23,63,86,17.0,,,,,,7.8,2.1,0.0,9.9,20162017
10,Braden Holtby,27,WSH,G,19,1.14,0,0,2,3,0,0,0,0,0.0,42.0,13.0,6.0,2.07,0.925,0.0,0.0,12.3,12.3,20162017
11,Auston Matthews,19,TOR,C,17,1.02,0,0,2,1,4,40,29,69,2.0,,,,,,8.2,1.5,0.0,9.7,20162017
12,Alex Ovechkin,31,WSH,LW,7,0.42,0,1,0,0,0,33,36,69,6.0,,,,,,7.0,1.7,0.0,8.7,20162017
12,Ryan Suter,32,MIN,D,7,0.42,0,1,0,0,0,9,31,40,34.0,,,,,,2.7,6.6,0.0,9.3,20162017
14,Victor Hedman,26,TBL,D,5,0.3,0,0,0,1,2,16,56,72,3.0,,,,,,7.3,4.7,0.0,12.0,20162017
15,Devan Dubnyk,30,MIN,G,4,0.24,0,0,0,1,1,0,0,0,0.0,40.0,19.0,5.0,2.25,0.923,0.0,0.0,13.1,13.1,20162017
15,Vladimir Tarasenko,25,STL,RW,4,0.24,0,0,0,1,1,39,36,75,-1.0,,,,,,8.4,1.7,0.0,10.2,20162017
17,Cam Atkinson,27,CBJ,RW,1,0.06,0,0,0,0,1,35,27,62,13.0,,,,,,6.8,2.0,0.0,8.9,20162017
17,Cam Talbot,29,EDM,G,1,0.06,0,0,0,0,1,0,0,0,0.0,42.0,22.0,8.0,2.39,0.919,0.0,0.0,14.0,14.0,20162017
1,Taylor Hall,26,NJD,LW,1264,77.07,72,62,19,4,3,39,54,93,14.0,,,,,,9.9,2.3,0.0,12.2,20172018
2,Nathan MacKinnon,22,COL,C,1194,72.8,60,66,19,11,4,39,58,97,11.0,,,,,,10.0,2.2,0.0,12.2,20172018
3,Anze Kopitar,30,LAK,C,551,33.6,11,11,41,49,12,35,57,92,21.0,,,,,,7.9,3.1,0.0,11.0,20172018
4,Claude Giroux,30,PHI,LW,546,33.29,10,10,44,45,21,34,68,102,28.0,,,,,,9.0,2.8,0.0,11.8,20172018
5,Connor McDavid,21,EDM,C,270,16.46,6,5,19,16,32,41,67,108,20.0,,,,,,10.5,2.6,0.0,13.1,20172018
6,Nikita Kucherov,24,TBL,RW,166,10.12,0,6,8,15,39,39,61,100,15.0,,,,,,9.8,1.8,0.0,11.6,20172018
7,Evgeni Malkin,31,PIT,C,97,5.91,3,2,6,5,8,42,56,98,16.0,,,,,,10.2,2.2,0.0,12.4,20172018
8,Blake Wheeler,31,WPG,RW,69,4.21,1,2,1,6,22,23,68,91,13.0,,,,,,7.1,2.1,0.0,9.2,20172018
9,Alex Ovechkin,32,WSH,LW,37,2.26,0,0,2,5,12,49,38,87,3.0,,,,,,9.3,1.9,0.0,11.2,20172018
10,William Karlsson,25,VEG,C,32,1.95,1,0,3,2,1,43,35,78,49.0,,,,,,8.3,3.5,0.0,11.8,20172018
11,Brad Marchand,29,BOS,LW,10,0.61,0,0,2,0,0,34,51,85,25.0,,,,,,8.4,2.5,0.0,11.0,20172018
12,Pekka Rinne,35,NSH,G,9,0.55,0,0,0,2,3,0,1,1,0.0,42.0,13.0,4.0,2.31,0.927,0.0,0.0,13.2,13.2,20172018
13,Connor Hellebuyck,24,WPG,G,5,0.3,0,0,0,1,2,0,2,2,0.0,44.0,11.0,9.0,2.36,0.924,0.0,0.0,14.0,14.0,20172018
14,Artemi Panarin,26,CBJ,LW,4,0.24,0,0,0,1,1,27,55,82,23.0,,,,,,6.8,2.6,0.0,9.4,20172018
15,Sergei Bobrovsky,29,CBJ,G,3,0.18,0,0,0,1,0,0,3,3,0.0,37.0,22.0,6.0,2.42,0.921,0.0,0.0,12.9,12.9,20172018
15,Drew Doughty,28,LAK,D,3,0.18,0,0,0,1,0,10,50,60,23.0,,,,,,4.4,7.3,0.0,11.7,20172018
17,Patrice Bergeron,32,BOS,C,1,0.06,0,0,0,0,1,30,33,63,21.0,,,,,,6.0,2.3,0.0,8.3,20172018
17,Sidney Crosby,30,PIT,C,1,0.06,0,0,0,0,1,29,60,89,0.0,,,,,,7.3,1.8,0.0,9.1,20172018
17,Victor Hedman,27,TBL,D,1,0.06,0,0,0,0,1,17,46,63,32.0,,,,,,5.7,5.2,0.0,11.0,20172018
17,Eric Staal,33,MIN,C,1,0.06,0,0,0,0,1,42,34,76,8.0,,,,,,8.0,1.8,0.0,9.8,20172018
1,Nikita Kucherov,25,TBL,RW,1677,98.07,164,3,2,2,0,41,87,128,24.0,,,,,,12.3,2.3,0.0,14.6,20182019
2,Sidney Crosby,31,PIT,C,739,43.22,3,65,33,26,11,35,65,100,18.0,,,,,,8.9,2.4,0.0,11.4,20182019
3,Connor McDavid,22,EDM,C,465,27.19,1,35,23,22,29,41,75,116,3.0,,,,,,10.8,2.1,0.0,13.0,20182019
4,Johnny Gaudreau,25,CGY,LW,442,25.85,2,23,30,31,18,36,63,99,18.0,,,,,,8.8,2.1,0.0,10.9,20182019
5,Brad Marchand,30,BOS,LW,322,18.83,0,15,32,12,21,36,64,100,15.0,,,,,,9.2,2.5,0.0,11.7,20182019
6,Nathan MacKinnon,23,COL,C,265,15.5,1,13,14,24,22,41,58,99,20.0,,,,,,9.1,2.7,0.0,11.8,20182019
7,Alex Ovechkin,33,WSH,LW,213,12.46,0,8,13,25,17,51,38,89,7.0,,,,,,9.2,1.8,0.0,11.0,20182019
8,Patrick Kane,30,CHI,RW,125,7.31,0,4,10,9,20,44,66,110,2.0,,,,,,10.2,1.6,0.0,11.8,20182019
9,Mark Giordano,35,CGY,D,66,3.86,0,2,5,7,6,17,57,74,39.0,,,,,,6.7,5.9,0.0,12.6,20182019
10,Sebastian Aho,21,CAR,C,21,1.23,0,1,2,1,1,30,53,83,25.0,,,,,,6.9,2.9,0.0,9.8,20182019
10,Jordan Binnington,25,STL,G,21,1.23,0,1,2,1,1,0,0,0,0.0,24.0,5.0,1.0,1.89,0.927,0.0,0.0,6.0,6.0,20182019
12,Mark Stone,26,TOT,RW,18,1.05,0,0,1,3,4,33,40,73,17.0,,,,,,6.3,2.4,0.0,8.7,20182019
13,Ryan O'Reilly,27,STL,C,15,0.88,0,0,2,1,2,28,49,77,22.0,,,,,,5.8,3.0,0.0,8.8,20182019
14,Steven Stamkos,28,TBL,C,12,0.7,0,1,0,1,2,45,53,98,4.0,,,,,,10.1,1.4,0.0,11.5,20182019
15,Patrice Bergeron,33,BOS,C,8,0.47,0,0,0,2,2,32,47,79,23.0,,,,,,7.7,2.3,0.0,10.1,20182019
16,Aleksander Barkov,23,FLA,C,7,0.41,0,0,0,2,1,35,61,96,-3.0,,,,,,7.9,2.1,0.0,10.0,20182019
17,Marc-Andre Fleury,34,VEG,G,7,0.41,0,0,0,1,4,0,2,2,0.0,35.0,21.0,5.0,2.51,0.913,0.0,0.0,10.3,10.3,20182019
17,John Tavares,28,TOR,C,7,0.41,0,0,0,1,4,47,41,88,19.0,,,,,,9.3,2.0,0.0,11.3,20182019
19,Ben Bishop,32,DAL,G,5,0.29,0,0,1,0,0,0,2,2,0.0,27.0,15.0,2.0,1.98,0.934,0.0,0.0,10.8,10.8,20182019
19,Brent Burns,33,SJS,D/RW,5,0.29,0,0,1,0,0,16,67,83,13.0,,,,,,7.3,4.7,0.0,12.0,20182019
21,Brayden Point,22,TBL,C,3,0.18,0,0,0,0,3,41,51,92,27.0,,,,,,9.1,2.3,0.0,11.4,20182019
22,Darcy Kuemper,28,ARI,G,1,0.06,0,0,0,0,1,0,2,2,0.0,27.0,20.0,8.0,2.33,0.925,0.0,0.0,12.0,12.0,20182019
22,Mark Scheifele,25,WPG,C,1,0.06,0,0,0,0,1,38,46,84,8.0,,,,,,7.3,2.2,0.0,9.4,20182019
22,Andrei Vasilevskiy,24,TBL,G,1,0.06,0,0,0,0,1,0,3,3,0.0,39.0,10.0,4.0,2.4,0.925,0.0,0.0,12.4,12.4,20182019
1,Leon Draisaitl,24,EDM,C,1309,77.0,91,31,26,16,4,43,67,110,-7.0,,,,,,10.9,1.8,0.0,12.8,20192020
2,Nathan MacKinnon,24,COL,C,1162,68.35,48,66,34,15,5,35,58,93,13.0,,,,,,8.9,1.9,0.0,10.8,20192020
3,Artemi Panarin,28,NYR,LW,889,52.29,24,41,54,25,17,32,63,95,36.0,,,,,,8.8,2.6,0.0,11.4,20192020
4,David Pastrnak,23,BOS,RW,369,21.71,3,12,15,43,51,48,47,95,21.0,,,,,,10.8,2.4,0.0,13.2,20192020
5,Connor McDavid,23,EDM,C,309,18.18,1,7,24,33,31,34,63,97,-6.0,,,,,,9.3,1.6,0.0,10.9,20192020
6,Connor Hellebuyck,26,WPG,G,283,16.65,3,13,15,22,21,0,2,2,0.0,31.0,21.0,5.0,2.57,0.922,0.0,0.0,12.5,12.5,20192020
7,Roman Josi,29,NSH,D,29,1.71,0,0,1,6,6,16,49,65,22.0,,,,,,6.1,4.8,0.0,10.9,20192020
8,Jack Eichel,23,BUF,C,14,0.82,0,0,0,2,8,36,42,78,5.0,,,,,,7.5,2.0,0.0,9.5,20192020
9,Brad Marchand,31,BOS,LW,12,0.71,0,0,0,3,3,28,59,87,25.0,,,,,,7.8,2.6,0.0,10.4,20192020
10,Evgeni Malkin,33,PIT,C,8,0.47,0,0,0,1,5,25,49,74,7.0,,,,,,7.0,1.5,0.0,8.5,20192020
10,Auston Matthews,22,TOR,C,8,0.47,0,0,0,1,5,47,33,80,19.0,,,,,,8.9,2.0,0.0,10.8,20192020
12,John Carlson,30,WSH,D,7,0.41,0,0,1,0,2,15,60,75,12.0,,,,,,7.2,3.5,0.0,10.7,20192020
13,Nikita Kucherov,26,TBL,RW,6,0.35,0,0,0,1,3,33,52,85,26.0,,,,,,8.3,2.1,0.0,10.5,20192020
13,Alex Ovechkin,34,WSH,LW,6,0.35,0,0,0,1,3,48,19,67,-12.0,,,,,,8.0,0.8,0.0,8.7,20192020
15,Jacob Markstrom,30,VAN,G,3,0.18,0,0,0,1,0,0,1,1,0.0,23.0,16.0,4.0,2.75,0.918,0.0,0.0,9.2,9.2,20192020
16,Elias Pettersson,21,VAN,C,3,0.18,0,0,0,0,3,27,39,66,16.0,,,,,,5.7,2.0,0.0,7.7,20192020
17,Tristan Jarry,24,PIT,G,1,0.06,0,0,0,0,1,0,0,0,0.0,20.0,12.0,1.0,2.43,0.921,0.0,0.0,6.7,6.7,20192020
17,Patrick Kane,31,CHI,RW,1,0.06,0,0,0,0,1,33,51,84,8.0,,,,,,7.7,1.9,0.0,9.6,20192020
17,J.T. Miller,26,VAN,C,1,0.06,0,0,0,0,1,27,45,72,11.0,,,,,,6.0,1.9,0.0,7.9,20192020
